Taxa,Latitude,Longitude,altitude,bio1,bio2,bio3,bio4,bio5,bio6,bio7,bio8,bio9,bio10,bio11,bio12,bio13,bio14,bio15,bio16,bio17,bio18,bio19,IC1,IC2,IC3
CIho04144,34.933,68.483,2263,65,128,34,8215,248,-122,370,13,159,167,-48,397,87,0,89,233,3,5,153,0.536,-0.591,-0.47
CIho04159,34.45,68.784,2261,67,134,33,8846,260,-135,395,11,167,176,-57,433,101,0,91,259,6,8,162,0.606,-0.76,-0.397
CIho04176,35.067,67.667,2904,45,140,35,8343,235,-156,391,-8,137,147,-70,245,48,0,75,124,2,6,101,0.735,-0.692,-0.791
CIho04184,35.734,69.534,3960,11,88,28,7206,165,-149,314,-41,97,104,-84,1114,261,4,93,666,19,27,373,1.162,0.222,0.27
CIho04188,34.529,69.173,1798,121,149,37,8631,323,-78,401,65,227,227,3,328,78,1,97,209,8,8,121,-0.019,-0.948,-0.314
CIho06601,34.951,70.068,1638,125,108,31,8132,295,-43,338,67,186,229,17,692,161,12,87,409,47,51,205,0.071,-0.247,0
CIho11688,34.868,68.001,2596,14,127,33,8167,195,-185,380,-40,105,114,-98,435,93,0,83,241,4,10,167,1.088,-0.506,-0.602
CIho14250,36.835,70.518,2446,88,119,32,8465,282,-88,370,30,190,197,-24,659,137,2,85,362,13,22,210,0.35,-0.469,-0.191
CIho14255,35.118,69.301,1575,133,97,28,8597,305,-39,344,75,244,244,19,509,137,1,103,335,7,7,173,-0.048,-0.537,-0.096
CIho14258,30.502,62.002,536,222,165,40,9114,423,13,410,125,336,336,100,52,16,0,102,37,0,0,32,-1.046,-1.313,-0.456
CIho14260,33.302,62.135,1075,165,164,40,8687,375,-29,404,75,278,278,52,168,40,0,101,109,0,0,100,-0.565,-1.098,-0.451
PI125321,33.002,66.002,2194,67,168,36,9683,297,-159,456,-50,173,187,-66,273,66,0,95,162,0,1,145,0.622,-1.173,-0.664
PI134636,34.419,69.385,2083,96,134,34,8750,287,-104,391,39,161,204,-25,496,118,3,91,301,20,22,173,0.365,-0.723,-0.218
PI135758,35.935,66.419,1249,124,142,35,8770,332,-69,401,71,237,237,8,233,46,0,87,130,0,0,98,-0.085,-0.935,-0.551
PI135761,34.552,65.152,2335,56,166,37,9203,277,-167,444,-59,153,168,-73,250,49,0,86,133,0,2,112,0.706,-1.056,-0.791
PI140277,33.002,66.002,2194,67,168,36,9683,297,-159,456,-50,173,187,-66,273,66,0,95,162,0,1,145,0.622,-1.173,-0.664
PI140278,34.819,67.819,2516,53,143,36,8368,243,-147,390,0,145,155,-62,188,33,0,75,90,1,5,84,0.632,-0.732,-0.84
PI198734,33.552,68.419,2182,96,150,35,9430,306,-117,423,38,204,213,-33,253,57,0,87,143,5,7,104,0.303,-1.056,-0.569
PI220659,34.986,68.736,2026,75,122,33,8188,255,-106,361,22,170,177,-38,496,116,0,95,304,5,6,180,0.456,-0.542,-0.277
PI220660,35.753,69.003,2201,108,107,30,8267,288,-61,349,53,205,215,-1,544,137,0,98,342,3,4,189,0.146,-0.5,-0.13
PI223446,37.119,70.569,1191,119,141,35,8603,330,-63,393,112,221,230,5,542,108,2,83,299,11,19,166,-0.023,-0.792,-0.107
PI223509,34.419,70.453,579,214,137,36,8643,404,24,380,164,326,326,102,210,48,2,84,120,11,11,66,-0.969,-0.927,-0.355
PI223879,36.003,69.753,2351,78,100,29,7905,251,-85,336,22,173,181,-25,824,198,3,94,499,14,18,270,0.472,-0.194,0.093
PI244785,34.52,69.186,1797,119,150,36,8786,323,-85,408,62,227,227,-2,336,80,1,95,212,9,9,123,0.032,-0.977,-0.328
PI244791,35.003,69.17,1548,124,110,30,8494,302,-53,355,67,232,232,9,473,124,1,102,309,6,6,163,0.014,-0.615,-0.15
PI250775,31.603,65.703,996,190,173,41,8976,410,-6,416,94,240,306,72,173,61,0,127,132,1,2,123,-0.731,-1.365,-0.128
PI250778,31.603,65.703,996,190,173,41,8976,410,-6,416,94,240,306,72,173,61,0,127,132,1,2,123,-0.731,-1.365,-0.128
PI328728,33.004,66.004,2129,67,168,36,9683,297,-159,456,-50,173,187,-66,273,66,0,95,162,0,1,145,0.622,-1.173,-0.664
PI328729,33.004,66.004,2129,67,168,36,9683,297,-159,456,-50,173,187,-66,273,66,0,95,162,0,1,145,0.622,-1.173,-0.664
PI331895,33.004,66.004,2129,67,168,36,9683,297,-159,456,-50,173,187,-66,273,66,0,95,162,0,1,145,0.622,-1.173,-0.664
PI366439,34.554,65.787,2449,51,168,37,9048,272,-179,451,-4,149,161,-75,253,51,0,81,135,0,2,98,0.745,-1.129,-0.676
PI366450,34.871,63.087,1297,136,141,37,8095,336,-39,375,40,240,240,28,343,83,0,97,202,0,0,169,-0.271,-0.703,-0.393
PI366453,33.771,62.254,1482,126,156,39,8438,330,-65,395,35,236,236,16,239,51,0,101,147,0,0,135,-0.178,-0.919,-0.492
PI366478,36.688,67.838,402,170,140,34,9374,386,-18,404,116,291,291,49,207,50,0,91,117,0,0,88,-0.521,-1.08,-0.442
CIho02479,36.029,0.176,5,180,68,34,4563,284,85,199,135,237,242,125,350,65,1,70,178,8,17,145,-0.971,0.57,-0.478
CIho03549,33.022,6.022,80,215,145,37,8145,418,34,384,121,321,321,111,60,9,1,46,25,4,4,20,-1.06,-0.751,-0.867
CIho14051,33.106,6.072,68,215,145,37,8101,416,34,382,121,319,319,111,63,9,1,48,27,4,4,22,-1.057,-0.747,-0.852
CIho14052,34.856,5.739,110,213,121,34,7883,401,54,347,218,318,318,114,149,20,2,41,56,14,14,38,-1.089,-0.533,-0.652
CIho14053,34.856,5.739,110,213,121,34,7883,401,54,347,218,318,318,114,149,20,2,41,56,14,14,38,-1.089,-0.533,-0.652
CIho14054,33.023,6.023,84,215,145,37,8145,418,34,384,121,321,321,111,60,9,1,46,25,4,4,20,-1.06,-0.751,-0.867
CIho14055,33.023,6.023,84,215,145,37,8145,418,34,384,121,321,321,111,60,9,1,46,25,4,4,20,-1.06,-0.751,-0.867
CIho14059,34.656,5.889,17,222,123,35,7845,409,62,347,227,326,326,124,120,17,1,44,48,9,9,29,-1.193,-0.589,-0.622
PI039590,35.423,0.173,701,162,83,30,6488,314,42,272,93,247,251,85,490,74,3,60,221,24,27,201,-0.627,0.292,-0.582
PI057047,33.107,6.073,72,215,145,37,8101,416,34,382,121,319,319,111,63,9,1,48,27,4,4,22,-1.057,-0.747,-0.852
PI057048,33.107,6.073,72,215,145,37,8101,416,34,382,121,319,319,111,63,9,1,48,27,4,4,22,-1.057,-0.747,-0.852
PI057057,34.857,5.74,115,213,121,34,7883,401,54,347,218,318,318,114,149,20,2,41,56,14,14,38,-1.089,-0.533,-0.652
PI057065,36.757,3.057,30,169,80,35,4993,293,70,223,120,231,237,109,757,132,3,65,358,25,46,317,-0.823,0.723,-0.147
PI064004,28.007,3.007,631,226,158,39,8363,427,31,396,128,332,332,117,33,6,0,61,15,2,2,14,-1.146,-0.97,-0.749
PI434871,28.007,3.007,631,226,158,39,8363,427,31,396,128,332,332,117,33,6,0,61,15,2,2,14,-1.146,-0.97,-0.749
CIho14302,40.194,44.51,1060,104,122,31,9160,304,-81,385,149,213,216,-20,348,62,18,42,144,59,81,60,0.243,-0.52,-0.608
CIho14391,40.011,45.011,2050,38,113,33,7859,217,-122,339,67,-64,136,-64,479,82,22,43,199,71,95,71,1.006,-0.113,-0.537
CIho14394,40.011,45.011,2050,38,113,33,7859,217,-122,339,67,-64,136,-64,479,82,22,43,199,71,95,71,1.006,-0.113,-0.537
CIho14395,40.011,45.011,2050,38,113,33,7859,217,-122,339,67,-64,136,-64,479,82,22,43,199,71,95,71,1.006,-0.113,-0.537
PI061509,40.194,44.511,1067,104,122,31,9160,304,-81,385,149,213,216,-20,348,62,18,42,144,59,81,60,0.243,-0.52,-0.608
PI061510,40.194,44.511,1067,104,122,31,9160,304,-81,385,149,213,216,-20,348,62,18,42,144,59,81,60,0.243,-0.52,-0.608
PI073291,40.011,45.011,2050,38,113,33,7859,217,-122,339,67,-64,136,-64,479,82,22,43,199,71,95,71,1.006,-0.113,-0.537
PI073292,40.011,45.011,2050,38,113,33,7859,217,-122,339,67,-64,136,-64,479,82,22,43,199,71,95,71,1.006,-0.113,-0.537
PI073299,40.011,45.011,2050,38,113,33,7859,217,-122,339,67,-64,136,-64,479,82,22,43,199,71,95,71,1.006,-0.113,-0.537
PI073301,40.011,45.011,2050,38,113,33,7859,217,-122,339,67,-64,136,-64,479,82,22,43,199,71,95,71,1.006,-0.113,-0.537
PI094797,40.062,44.512,935,125,127,31,9787,339,-70,409,123,241,245,-8,287,48,10,42,112,35,48,64,0.063,-0.734,-0.741
PI283397,40.012,45.012,2111,38,113,33,7859,217,-122,339,67,-64,136,-64,479,82,22,43,199,71,95,71,1.006,-0.113,-0.537
PI327837,39.795,45.295,1432,81,114,31,8439,269,-88,357,117,-32,184,-32,406,70,18,45,172,60,105,60,0.661,-0.378,-0.455
PI327838,40.012,45.012,2111,38,113,33,7859,217,-122,339,67,-64,136,-64,479,82,22,43,199,71,95,71,1.006,-0.113,-0.537
PI327840,40.879,45.145,675,93,112,34,7570,265,-59,324,130,-6,189,-6,546,93,17,50,237,62,182,62,0.45,-0.21,-0.165
PI327842,40.879,45.145,675,93,112,34,7570,265,-59,324,130,-6,189,-6,546,93,17,50,237,62,182,62,0.45,-0.21,-0.165
PI327866,40.012,45.012,2111,38,113,33,7859,217,-122,339,67,-64,136,-64,479,82,22,43,199,71,95,71,1.006,-0.113,-0.537
PI372077,40.962,44.662,1243,93,115,34,7788,267,-67,334,132,-10,190,-10,541,93,19,49,234,65,179,65,0.49,-0.254,-0.175
PI573610,40.013,45.013,2070,38,113,33,7859,217,-122,339,67,-64,136,-64,479,82,22,43,199,71,95,71,1.006,-0.113,-0.537
PI183631,47.567,16.1,464,67,92,31,7110,222,-69,291,157,-13,157,-26,832,108,39,34,315,133,315,133,0.744,0.447,-0.085
PI183636,48.417,16.234,221,96,96,32,7224,257,-39,296,188,16,188,2,615,77,33,29,219,109,219,110,0.368,0.295,-0.303
PI350713,47.035,13.635,1801,25,87,32,6369,166,-102,268,106,-48,106,-57,1382,162,76,25,477,244,477,260,1.246,1.335,0.09
PI350715,47.168,13.518,1789,4,79,31,6034,136,-114,250,80,-67,80,-73,1444,166,82,22,488,272,488,288,1.443,1.637,-0.007
PI350717,47.302,12.668,1395,30,92,33,6462,174,-104,278,111,-45,111,-55,1199,156,64,31,446,204,446,214,1.176,1.014,0.108
PI350725,47.068,10.635,1408,44,85,32,6196,178,-82,260,121,-28,121,-37,950,124,49,32,349,158,349,160,0.931,0.872,-0.111
PI467467,47.269,11.352,644,67,95,33,6694,213,-70,283,149,-7,149,-22,943,134,46,37,369,150,369,150,0.757,0.59,0.081
PI467486,47.702,14.269,755,52,96,33,6945,205,-85,290,139,-27,139,-40,1287,164,74,29,470,239,470,251,1.021,1.063,0.189
CIho14326,40.06,47.06,205,141,90,27,8208,315,-10,325,181,36,246,36,406,64,17,42,165,62,104,62,0.046,-0.207,-0.407
CIho14327,40.048,47.048,221,141,90,27,8208,315,-10,325,181,36,246,36,406,64,17,42,165,62,104,62,0.046,-0.207,-0.407
CIho14328,40.065,47.065,199,143,92,27,8251,318,-11,329,183,37,248,37,398,61,17,40,158,63,100,63,0.033,-0.221,-0.432
CIho14332,40.108,47.108,148,145,94,28,8275,321,-10,331,186,38,250,38,386,58,18,38,150,66,93,66,0.004,-0.211,-0.459
CIho14333,40.102,47.102,153,143,92,27,8251,318,-11,329,183,37,248,37,398,61,17,40,158,63,100,63,0.033,-0.221,-0.432
CIho14334,40.118,47.118,127,145,94,28,8275,321,-10,331,186,38,250,38,386,58,18,38,150,66,93,66,0.004,-0.211,-0.459
CIho14341,40.077,47.077,187,143,92,27,8251,318,-11,329,183,37,248,37,398,61,17,40,158,63,100,63,0.033,-0.221,-0.432
CIho14344,40.045,47.045,227,141,90,27,8208,315,-10,325,181,36,246,36,406,64,17,42,165,62,104,62,0.046,-0.207,-0.407
CIho14345,40.108,47.108,148,145,94,28,8275,321,-10,331,186,38,250,38,386,58,18,38,150,66,93,66,0.004,-0.211,-0.459
PI068187,40.113,47.113,133,145,94,28,8275,321,-10,331,186,38,250,38,386,58,18,38,150,66,93,66,0.004,-0.211,-0.459
PI068189,40.111,47.111,136,145,94,28,8275,321,-10,331,186,38,250,38,386,58,18,38,150,66,93,66,0.004,-0.211,-0.459
PI068193,40.11,47.11,144,145,94,28,8275,321,-10,331,186,38,250,38,386,58,18,38,150,66,93,66,0.004,-0.211,-0.459
PI068208,40.097,47.097,159,143,92,27,8251,318,-11,329,183,37,248,37,398,61,17,40,158,63,100,63,0.033,-0.221,-0.432
PI068209,40.101,47.101,154,143,92,27,8251,318,-11,329,183,37,248,37,398,61,17,40,158,63,100,63,0.033,-0.221,-0.432
PI068218,40.117,47.117,130,145,94,28,8275,321,-10,331,186,38,250,38,386,58,18,38,150,66,93,66,0.004,-0.211,-0.459
PI068226,40.026,47.026,250,141,90,27,8208,315,-10,325,181,36,246,36,406,64,17,42,165,62,104,62,0.046,-0.207,-0.407
PI073296,40.085,47.085,179,143,92,27,8251,318,-11,329,183,37,248,37,398,61,17,40,158,63,100,63,0.033,-0.221,-0.432
PI073297,40.092,47.092,165,143,92,27,8251,318,-11,329,183,37,248,37,398,61,17,40,158,63,100,63,0.033,-0.221,-0.432
PI073303,40.118,47.118,127,145,94,28,8275,321,-10,331,186,38,250,38,386,58,18,38,150,66,93,66,0.004,-0.211,-0.459
PI094853,40.388,50.005,40,147,69,23,7922,301,11,290,118,248,248,47,251,34,7,38,92,28,28,67,-0.293,0.081,-0.964
PI327827,39.231,45.434,894,128,120,29,9827,342,-65,407,123,246,248,-5,282,47,9,48,119,30,50,56,0.057,-0.766,-0.712
PI564595,27.275,89.442,3557,79,119,45,5195,186,-75,261,140,18,140,8,1066,220,4,82,586,26,586,38,0.579,-0.183,1.31
PI574292,27.559,90.192,3003,101,120,45,5181,209,-54,263,162,39,162,30,1263,287,3,94,765,20,765,22,0.493,-0.371,1.995
PI253313,44.428,17.111,524,92,95,32,7037,251,-43,294,49,12,181,-1,1011,115,67,18,309,205,254,244,0.545,1.12,-0.588
PI344920,43.078,18.611,979,86,88,32,6421,233,-38,271,52,167,167,3,1219,144,69,21,394,228,228,343,0.367,1.528,-0.554
PI344926,43.328,18.778,1510,85,93,33,6577,236,-45,281,50,165,167,-1,1160,129,75,16,355,242,243,309,0.403,1.505,-0.661
PI344928,43.395,18.812,1252,99,99,33,6722,256,-37,293,62,183,183,10,1150,130,72,17,358,232,232,312,0.271,1.371,-0.615
PI344930,43.528,18.795,495,104,102,33,6866,265,-36,301,65,186,189,13,1093,120,71,15,332,232,233,290,0.237,1.287,-0.665
PI344932,43.445,18.912,1162,98,101,34,6812,256,-41,297,60,179,183,8,1114,122,72,15,338,236,237,294,0.287,1.339,-0.66
PI344936,43.529,18.795,453,104,102,33,6866,265,-36,301,65,186,189,13,1093,120,71,15,332,232,233,290,0.237,1.287,-0.665
PI344940,43.579,19.095,1271,82,97,33,6741,236,-55,291,45,6,165,-8,1058,107,75,11,296,234,257,256,0.632,1.325,-0.695
PI344941,43.579,19.096,1283,82,97,33,6741,236,-55,291,45,6,165,-8,1058,107,75,11,296,234,257,256,0.632,1.325,-0.695
PI344942,43.579,19.096,1283,82,97,33,6741,236,-55,291,45,6,165,-8,1058,107,75,11,296,234,257,256,0.632,1.325,-0.695
PI344943,43.779,18.796,786,80,95,32,6777,236,-53,289,146,3,165,-9,1013,99,70,12,284,215,264,236,0.596,1.119,-0.464
PI349907,43.779,19.479,550,78,90,31,6776,226,-58,284,144,2,162,-12,973,103,63,15,295,195,271,212,0.64,1.022,-0.406
PI374420,44.163,17.429,780,85,90,31,7005,242,-48,290,42,6,174,-8,972,114,63,19,303,194,241,233,0.609,1.096,-0.62
PI374421,44.163,17.429,780,85,90,31,7005,242,-48,290,42,6,174,-8,972,114,63,19,303,194,241,233,0.609,1.096,-0.62
PI374423,44.28,17.863,583,83,94,32,7042,242,-51,293,156,4,172,-10,949,99,60,16,273,186,258,214,0.564,0.902,-0.396
PI374424,43.53,18.796,454,104,102,33,6866,265,-36,301,65,186,189,13,1093,120,71,15,332,232,233,290,0.237,1.287,-0.665
PI327907,43.032,25.032,238,105,102,31,7987,277,-51,328,188,12,205,-1,602,79,38,25,210,119,179,127,0.396,0.175,-0.386
PI328152,43.033,25.033,235,105,102,31,7987,277,-51,328,188,12,205,-1,602,79,38,25,210,119,179,127,0.396,0.175,-0.386
PI328154,43.033,25.033,235,105,102,31,7987,277,-51,328,188,12,205,-1,602,79,38,25,210,119,179,127,0.396,0.175,-0.386
PI328155,43.033,25.033,235,105,102,31,7987,277,-51,328,188,12,205,-1,602,79,38,25,210,119,179,127,0.396,0.175,-0.386
PI328162,43.033,25.033,235,105,102,31,7987,277,-51,328,188,12,205,-1,602,79,38,25,210,119,179,127,0.396,0.175,-0.386
CIho14268,39.958,116.475,38,121,112,27,10728,310,-94,404,252,-25,252,-25,594,190,3,130,447,12,447,12,0.765,-1.735,1.369
CIho14291,30.708,104.108,505,164,71,26,6924,294,26,268,241,69,249,69,945,236,6,100,591,26,575,26,0.052,-0.487,1.501
PI057089,30.625,114.359,27,173,80,24,8945,336,6,330,261,77,286,54,1224,224,29,57,560,118,496,119,0.157,-0.236,1.076
PI057296,42.342,123.859,71,76,119,24,12866,294,-188,482,232,-101,232,-101,674,177,6,98,425,20,425,20,1.508,-1.995,1.077
PI060205,31.792,80.409,5053,-34,136,38,7769,144,-209,353,64,-84,69,-130,295,76,5,87,172,28,159,46,1.546,-0.699,-0.194
PI069421,36.759,114.559,57,137,116,29,10369,324,-76,400,264,-3,264,-3,537,161,4,108,345,15,345,15,0.491,-1.543,0.999
PI069563,45.792,126.692,121,35,123,22,14857,282,-258,540,214,-170,214,-170,553,162,4,103,363,15,363,15,2.095,-2.442,0.903
PI070839,43.939,125.369,193,51,114,22,13806,280,-221,501,218,-138,218,-138,606,180,5,107,409,15,409,15,1.848,-2.196,1.054
PI070853,42.843,126.193,338,43,129,24,13798,274,-253,527,208,-150,208,-150,766,198,8,96,478,27,478,27,2.029,-2.226,1.195
PI073700,49.643,117.476,704,-19,134,22,16397,264,-321,585,182,-205,182,-239,321,107,1,123,235,6,235,6,2.568,-2.872,0.538
PI584959,26.591,117.889,278,178,86,31,6441,311,41,270,210,107,256,91,1799,312,43,59,832,157,616,211,-0.029,0.539,1.632
PI584962,30.062,120.918,12,168,80,25,8376,330,11,319,247,130,273,59,1288,196,47,43,489,158,464,188,0.052,0.276,0.679
PI584963,36.103,103.839,1618,90,130,31,9610,281,-129,410,193,-43,206,-43,337,81,2,88,197,7,183,7,0.781,-1.365,0.223
PI584971,36.047,96.047,4059,-15,141,35,8839,169,-225,394,95,-122,95,-132,203,47,2,97,127,6,127,7,1.589,-1.187,-0.161
PI584973,42.616,85.503,3858,-56,102,26,10503,131,-260,391,66,-203,66,-203,279,69,1,104,187,5,187,5,2.302,-1.228,-0.086
PI584974,42.616,85.503,3858,-56,102,26,10503,131,-260,391,66,-203,66,-203,279,69,1,104,187,5,187,5,2.302,-1.228,-0.086
PI584975,39.047,116.047,15,127,111,27,10874,318,-89,407,260,-20,260,-20,517,189,3,138,404,12,404,12,0.69,-1.805,1.333
PI584977,37.047,112.047,910,104,132,32,9872,299,-112,411,210,-31,226,-31,487,126,4,96,302,14,286,14,0.71,-1.453,0.648
PI611491,30.063,120.919,17,168,80,25,8366,329,11,318,246,130,273,59,1284,196,48,43,489,157,464,189,0.051,0.287,0.674
PI264916,42.82,17.97,595,118,81,31,6185,260,4,256,87,198,198,42,1262,169,48,34,460,175,175,407,-0.036,1.381,-0.259
PI264921,43.737,16.153,350,132,85,31,6514,280,11,269,99,217,217,51,940,127,47,31,349,159,159,276,-0.165,1.066,-0.485
PI264922,45.47,14.953,581,99,83,30,6768,249,-25,274,61,49,185,12,1347,152,91,19,434,279,307,323,0.518,1.647,-0.402
PI264923,45.287,13.987,337,132,66,27,6262,265,24,241,141,193,214,55,1159,134,73,19,371,248,252,278,-0.042,1.595,-0.441
PI247928,35.055,33.055,443,170,128,43,5921,333,40,293,97,246,246,97,470,106,2,88,272,11,11,272,-0.875,0.015,-0.18
PI283433,35.055,33.055,443,170,128,43,5921,333,40,293,97,246,246,97,470,106,2,88,272,11,11,272,-0.875,0.015,-0.18
CIho00497,27.065,30.065,183,217,165,50,5919,367,41,326,146,146,285,134,0,0,0,0,0,0,0,0,-1.141,-0.256,-0.934
CIho03556,28.166,30.816,116,207,166,51,5735,359,34,325,136,241,274,128,4,2,0,62,4,0,0,3,-1.195,-0.522,-0.63
CIho03576,31.571,25.177,17,194,97,43,4431,300,77,223,153,246,247,136,106,25,0,101,67,0,1,63,-1.175,0.084,-0.395
CIho03581,31.571,25.177,17,194,97,43,4431,300,77,223,153,246,247,136,106,25,0,101,67,0,1,63,-1.175,0.084,-0.395
CIho03642,30.947,29.632,18,195,98,42,4594,304,76,228,152,249,249,135,123,36,0,114,88,0,0,82,-1.163,-0.003,-0.282
CIho03694,26.133,34.166,79,237,96,43,4455,337,118,219,251,181,290,176,2,1,0,37,2,0,0,0,-1.487,0.215,-0.612
CIho03709,31.049,29.833,2,203,93,42,4670,308,89,219,142,257,257,142,149,40,0,119,109,0,0,109,-1.24,0.066,-0.26
CIho03734,31.05,29.833,4,203,93,42,4670,308,89,219,142,257,257,142,149,40,0,119,109,0,0,109,-1.24,0.066,-0.26
CIho06721,30.074,31.277,22,214,137,50,5107,347,73,274,160,274,274,143,21,5,0,94,13,0,0,13,-1.38,-0.339,-0.432
PI057752,31.451,31.511,3,203,91,42,4666,308,93,215,142,257,258,142,119,31,0,107,79,0,0,79,-1.249,0.116,-0.38
PI060679,30.083,31.283,23,214,137,50,5107,347,73,274,160,274,274,143,21,5,0,94,13,0,0,13,-1.38,-0.339,-0.432
PI060701,29.567,34.067,679,183,115,43,5399,315,52,263,117,247,247,110,34,7,0,88,18,0,0,17,-1.002,-0.168,-0.629
PI564602,31.349,27.266,27,195,84,42,4325,284,84,200,158,244,249,140,150,36,0,99,93,2,3,71,-1.175,0.246,-0.359
CIho13742,15.403,39.003,1827,197,141,65,2264,299,85,214,217,217,222,167,741,132,26,52,302,111,192,185,-1.368,0.906,0.286
CIho13743,15.403,39.003,1827,197,141,65,2264,299,85,214,217,217,222,167,741,132,26,52,302,111,192,185,-1.368,0.906,0.286
CIho13745,15.403,39.003,1827,197,141,65,2264,299,85,214,217,217,222,167,741,132,26,52,302,111,192,185,-1.368,0.906,0.286
CIho14880,15.403,39.003,1827,197,141,65,2264,299,85,214,217,217,222,167,741,132,26,52,302,111,192,185,-1.368,0.906,0.286
CIho14881,15.403,39.003,1827,197,141,65,2264,299,85,214,217,217,222,167,741,132,26,52,302,111,192,185,-1.368,0.906,0.286
CIho14883,15.403,39.003,1827,197,141,65,2264,299,85,214,217,217,222,167,741,132,26,52,302,111,192,185,-1.368,0.906,0.286
PI285118,15.07,39.07,2113,196,151,72,1556,294,86,208,202,174,214,174,638,148,27,79,331,86,126,86,-1.41,0.646,0.527
PI286388,15.404,39.004,1829,197,141,65,2264,299,85,214,217,217,222,167,741,132,26,52,302,111,192,185,-1.368,0.906,0.286
PI286389,15.07,39.07,2113,196,151,72,1556,294,86,208,202,174,214,174,638,148,27,79,331,86,126,86,-1.41,0.646,0.527
PI296453,15.404,39.004,1829,197,141,65,2264,299,85,214,217,217,222,167,741,132,26,52,302,111,192,185,-1.368,0.906,0.286
PI296459,14.754,39.487,2037,185,149,74,1394,281,80,201,191,169,203,166,584,141,22,81,296,73,134,76,-1.366,0.635,0.485
PI296460,15.837,38.521,1368,224,145,67,1802,334,119,215,227,199,247,199,421,142,2,124,301,7,85,7,-1.692,-0.09,0.84
PI331217,15.404,39.004,1829,197,141,65,2264,299,85,214,217,217,222,167,741,132,26,52,302,111,192,185,-1.368,0.906,0.286
PI386406,15.404,38.738,2129,176,145,71,1628,273,69,204,185,155,195,154,525,172,3,125,373,13,95,23,-1.234,0.063,0.929
CIho01604,8.071,38.071,2731,150,136,76,829,239,62,177,140,146,161,140,1092,202,15,70,559,52,271,559,-1.164,1.517,0.757
CIho11709,7.905,36.738,1493,195,155,75,956,295,91,204,191,192,209,184,1914,335,25,69,942,101,437,213,-1.189,0.958,2.051
CIho11812,8.072,38.072,2716,150,136,76,829,239,62,177,140,146,161,140,1092,202,15,70,559,52,271,559,-1.164,1.517,0.757
CIho11849,8.072,38.072,2716,150,136,76,829,239,62,177,140,146,161,140,1092,202,15,70,559,52,271,559,-1.164,1.517,0.757
CIho13141,8.072,38.072,2716,150,136,76,829,239,62,177,140,146,161,140,1092,202,15,70,559,52,271,559,-1.164,1.517,0.757
CIho13353,12.672,37.539,2396,165,139,70,1283,267,71,196,158,161,184,154,1143,332,5,114,787,19,148,751,-1.276,1.205,1.434
CIho13737,9.389,42.189,1936,194,125,77,875,273,112,161,191,183,206,183,734,132,6,63,329,37,242,37,-1.513,0.832,0.581
CIho14124,11.206,39.706,2558,159,155,72,1436,263,50,213,172,140,177,140,1120,273,21,90,668,77,570,77,-0.804,0.44,1.706
CIho14978,13.722,39.639,2106,188,152,72,1502,288,77,211,197,167,207,167,598,177,13,110,375,40,118,40,-1.337,0.223,0.886
PI060694,8.073,38.073,2750,150,136,76,829,239,62,177,140,146,161,140,1092,202,15,70,559,52,271,559,-1.164,1.517,0.757
PI151787,8.073,38.073,2750,150,136,76,829,239,62,177,140,146,161,140,1092,202,15,70,559,52,271,559,-1.164,1.517,0.757
PI151795,8.073,38.073,2750,150,136,76,829,239,62,177,140,146,161,140,1092,202,15,70,559,52,271,559,-1.164,1.517,0.757
PI186424,8.073,38.073,2750,150,136,76,829,239,62,177,140,146,161,140,1092,202,15,70,559,52,271,559,-1.164,1.517,0.757
PI193799,9.106,38.773,3041,146,134,75,1116,234,56,178,140,134,162,134,1124,271,9,93,684,35,220,35,-0.868,0.583,1.401
PI194951,12.673,37.54,2357,165,139,70,1283,267,71,196,158,161,184,154,1143,332,5,114,787,19,148,751,-1.276,1.205,1.434
PI194952,12.673,37.54,2357,165,139,70,1283,267,71,196,158,161,184,154,1143,332,5,114,787,19,148,751,-1.276,1.205,1.434
PI273905,7.907,36.74,1524,195,155,75,956,295,91,204,191,192,209,184,1914,335,25,69,942,101,437,213,-1.189,0.958,2.051
PI277393,9.14,38.573,2729,138,134,74,1095,227,48,179,131,127,154,126,1176,278,10,91,710,38,232,54,-0.773,0.635,1.416
PI283441,8.073,38.073,2750,150,136,76,829,239,62,177,140,146,161,140,1092,202,15,70,559,52,271,559,-1.164,1.517,0.757
PI285124,9.757,39.607,2698,155,128,68,1461,248,62,186,160,136,174,136,937,309,5,108,607,35,184,35,-0.877,0.362,1.445
PI290346,8.074,38.074,2733,150,136,76,829,239,62,177,140,146,161,140,1092,202,15,70,559,52,271,559,-1.164,1.517,0.757
PI295442,9.424,38.841,2513,151,135,73,1237,244,60,184,144,138,169,138,1040,285,6,100,655,29,195,29,-0.908,0.448,1.421
PI295581,7.274,38.674,2039,181,141,74,817,268,79,189,176,171,192,171,931,153,9,55,403,64,260,64,-1.283,0.827,0.665
PI296455,13.574,39.541,2288,179,151,72,1488,279,70,209,188,159,198,159,597,196,6,128,419,19,114,19,-1.251,0.031,1.097
PI296457,14.274,39.491,2433,159,156,70,1625,264,42,222,169,142,179,136,551,147,6,103,330,25,138,39,-1.05,0.153,0.693
PI296472,8.074,38.074,2733,150,136,76,829,239,62,177,140,146,161,140,1092,202,15,70,559,52,271,559,-1.164,1.517,0.757
PI298708,7.808,36.658,1761,193,156,76,962,292,89,203,189,189,207,182,1782,289,28,64,832,107,427,219,-1.224,1.037,1.749
PI298738,9.858,38.758,1769,194,139,74,1544,292,106,186,175,187,214,175,905,260,5,104,574,23,163,574,-1.586,1.052,1.082
PI316801,8.075,38.075,2758,150,136,76,829,239,62,177,140,146,161,140,1092,202,15,70,559,52,271,559,-1.164,1.517,0.757
PI316874,8.075,38.075,2758,150,136,76,829,239,62,177,140,146,161,140,1092,202,15,70,559,52,271,559,-1.164,1.517,0.757
PI328976,8.075,38.075,2758,150,136,76,829,239,62,177,140,146,161,140,1092,202,15,70,559,52,271,559,-1.164,1.517,0.757
PI329000,8.075,38.075,2758,150,136,76,829,239,62,177,140,146,161,140,1092,202,15,70,559,52,271,559,-1.164,1.517,0.757
PI356264,8.075,38.075,2758,150,136,76,829,239,62,177,140,146,161,140,1092,202,15,70,559,52,271,559,-1.164,1.517,0.757
PI356333,8.075,38.075,2758,150,136,76,829,239,62,177,140,146,161,140,1092,202,15,70,559,52,271,559,-1.164,1.517,0.757
PI356505,8.075,38.075,2758,150,136,76,829,239,62,177,140,146,161,140,1092,202,15,70,559,52,271,559,-1.164,1.517,0.757
PI356580,8.075,38.075,2758,150,136,76,829,239,62,177,140,146,161,140,1092,202,15,70,559,52,271,559,-1.164,1.517,0.757
PI356666,8.075,38.075,2758,150,136,76,829,239,62,177,140,146,161,140,1092,202,15,70,559,52,271,559,-1.164,1.517,0.757
PI382275,14.392,39.309,2016,194,158,71,1502,300,79,221,198,177,214,175,646,163,19,90,367,63,136,65,-1.385,0.386,0.716
PI382296,14.059,39.659,2507,157,154,70,1612,261,43,218,169,139,177,135,592,153,10,96,336,37,144,43,-1.023,0.269,0.664
PI382343,12.593,39.609,1687,220,162,68,1785,348,113,235,229,205,244,197,745,177,13,92,371,56,205,82,-1.614,0.203,0.931
PI382437,8.493,39.459,1496,207,144,72,1542,306,107,199,206,186,227,186,798,194,5,92,483,31,185,31,-1.488,0.309,1.073
PI382506,14.343,39.526,2164,165,155,71,1566,268,50,218,175,149,185,144,569,145,11,94,322,40,140,51,-1.123,0.301,0.621
PI382798,12.793,37.509,1898,205,145,74,1433,310,115,195,192,202,226,188,1046,303,2,118,745,12,124,705,-1.727,1.037,1.438
PI382860,12.86,37.726,2724,155,139,72,1179,255,62,193,151,149,172,143,1026,308,3,118,715,14,143,33,-0.958,0.249,1.62
PI382911,14.343,39.543,2629,165,155,71,1566,268,50,218,175,149,185,144,569,145,11,94,322,40,140,51,-1.123,0.301,0.621
PI382982,12.593,39.61,1685,220,162,68,1785,348,113,235,229,205,244,197,745,177,13,92,371,56,205,82,-1.614,0.203,0.931
PI383031,8.76,38.31,2092,177,146,78,1032,272,85,187,169,171,192,166,1097,246,8,89,638,33,230,623,-1.461,1.283,1.113
PI383136,8.36,39.493,1636,211,144,72,1537,308,109,199,213,189,230,189,769,181,4,87,451,31,186,31,-1.531,0.326,0.993
PI386462,14.244,38.977,2145,192,161,70,1571,303,73,230,187,175,214,175,658,202,3,124,467,13,79,20,-1.35,-0.1,1.133
PI386524,6.56,38.594,2527,138,114,74,711,219,65,154,129,140,146,129,1399,169,27,42,483,141,407,483,-0.942,2.04,0.515
PI386559,11.927,38.094,2470,181,161,78,1201,288,84,204,167,183,196,167,1136,352,3,125,821,18,101,821,-1.552,1.13,1.599
PI386601,7.611,39.327,3331,124,124,76,816,205,42,163,118,120,135,116,1071,190,14,60,486,74,278,486,-0.897,1.649,0.55
PI386650,13.227,37.977,2275,193,153,72,1497,304,93,211,185,188,215,178,903,283,2,127,667,8,105,637,-1.589,0.791,1.338
PI386723,8.077,38.077,2754,150,136,76,829,239,62,177,140,146,161,140,1092,202,15,70,559,52,271,559,-1.164,1.517,0.757
PI386759,8.078,38.078,2728,150,136,76,829,239,62,177,140,146,161,140,1092,202,15,70,559,52,271,559,-1.164,1.517,0.757
PI386838,11.928,38.094,2484,181,161,78,1201,288,84,204,167,183,196,167,1136,352,3,125,821,18,101,821,-1.552,1.13,1.599
PI386844,14.178,38.578,1953,203,162,70,1667,318,89,229,197,190,226,187,749,245,1,133,564,6,66,17,-1.445,-0.204,1.428
PI386940,7.145,38.861,2666,137,125,74,704,217,50,167,131,130,146,129,1118,161,23,48,458,98,284,146,-0.856,1.347,0.537
PI387098,8.995,38.728,2321,154,137,71,1174,245,53,192,150,139,170,139,1166,270,9,90,698,37,234,37,-0.863,0.508,1.427
PI094806,42.082,45.082,1166,78,106,33,7586,244,-75,319,152,-22,172,-22,950,139,35,41,375,125,330,125,0.74,0.16,0.187
PI467375,48.502,-2.581,59,112,67,36,4356,211,27,184,67,165,168,57,790,95,44,25,268,142,161,253,-0.196,1.64,-0.742
CIho04095,41.805,44.871,620,119,108,32,8103,293,-40,333,199,14,221,14,606,97,23,42,241,77,195,77,0.272,-0.229,-0.056
CIho06702,42.088,43.588,905,67,112,35,7371,232,-87,319,104,-21,159,-30,827,102,45,24,279,147,243,154,0.756,0.472,-0.361
PI027933,41.805,44.872,612,119,108,32,8103,293,-40,333,199,14,221,14,606,97,23,42,241,77,195,77,0.272,-0.229,-0.056
PI057095,42.088,43.588,905,67,112,35,7371,232,-87,319,104,-21,159,-30,827,102,45,24,279,147,243,154,0.756,0.472,-0.361
PI057097,42.088,43.588,905,67,112,35,7371,232,-87,319,104,-21,159,-30,827,102,45,24,279,147,243,154,0.756,0.472,-0.361
PI057098,42.088,43.588,905,67,112,35,7371,232,-87,319,104,-21,159,-30,827,102,45,24,279,147,243,154,0.756,0.472,-0.361
PI057099,42.089,43.589,929,67,112,35,7371,232,-87,319,104,-21,159,-30,827,102,45,24,279,147,243,154,0.756,0.472,-0.361
PI057106,42.089,43.589,929,67,112,35,7371,232,-87,319,104,-21,159,-30,827,102,45,24,279,147,243,154,0.756,0.472,-0.361
PI078786,42.089,43.589,929,67,112,35,7371,232,-87,319,104,-21,159,-30,827,102,45,24,279,147,243,154,0.756,0.472,-0.361
PI094790,42.089,43.589,929,67,112,35,7371,232,-87,319,104,-21,159,-30,827,102,45,24,279,147,243,154,0.756,0.472,-0.361
PI094856,42.089,43.589,929,67,112,35,7371,232,-87,319,104,-21,159,-30,827,102,45,24,279,147,243,154,0.756,0.472,-0.361
PI573659,43.139,42.673,3953,-28,112,38,6182,129,-162,291,28,-107,49,-107,913,146,29,52,406,101,306,101,1.566,0.354,0.045
PI573660,43.123,42.906,3386,-32,112,37,6289,127,-168,295,25,-113,46,-113,919,146,28,54,411,98,310,98,1.63,0.302,0.062
PI573661,43.123,42.923,3731,-32,112,37,6289,127,-168,295,25,-113,46,-113,919,146,28,54,411,98,310,98,1.63,0.302,0.062
PI573662,43.14,42.89,3409,-33,112,37,6286,126,-169,295,24,-114,45,-114,918,146,28,53,411,98,309,98,1.64,0.309,0.053
PI573663,43.09,42.706,2715,-15,111,38,6139,141,-149,290,41,-91,61,-94,910,143,30,51,397,104,307,104,1.435,0.374,0.044
PI573668,43.14,42.823,3418,-24,112,38,6217,133,-159,292,33,-104,53,-104,912,145,28,52,405,99,309,99,1.533,0.329,0.061
PI573675,43.09,42.707,2698,-15,111,38,6139,141,-149,290,41,-91,61,-94,910,143,30,51,397,104,307,104,1.435,0.374,0.044
PI573682,42.723,45.19,2668,13,106,33,7344,177,-137,314,85,-83,104,-83,956,145,26,53,407,88,388,88,1.367,0.028,0.266
PI573687,42.49,45.207,2256,11,106,34,7196,173,-137,310,81,-83,100,-83,952,146,26,53,404,87,382,87,1.361,0.062,0.255
PI573702,42.024,44.824,941,85,108,33,7645,251,-69,320,160,-15,181,-15,894,130,35,38,345,126,295,126,0.648,0.157,0.093
PI573703,41.807,43.074,1819,44,116,35,7216,212,-111,323,112,-45,132,-52,798,108,44,27,276,138,251,148,0.963,0.392,-0.295
PI591876,42.741,45.241,2178,10,106,33,7302,175,-139,314,82,-85,101,-85,948,145,25,54,406,84,388,84,1.387,0.01,0.269
PI005873,50.042,10.175,223,89,91,32,6740,240,-36,276,174,13,174,0,610,72,37,18,192,121,192,132,0.375,0.592,-0.504
PI328858,51.594,10.594,300,74,78,31,6247,208,-38,246,153,1,153,-6,785,88,54,15,241,170,241,180,0.536,1.099,-0.518
PI370833,51.594,10.594,300,74,78,31,6247,208,-38,246,153,1,153,-6,785,88,54,15,241,170,241,180,0.536,1.099,-0.518
PI264897,35.517,23.925,16,189,61,30,5186,294,94,200,127,256,256,126,607,121,1,85,323,6,6,282,-0.974,0.639,-0.172
PI264903,36.418,25.469,28,183,56,29,4910,281,93,188,124,246,246,122,478,96,0,84,253,4,4,224,-0.934,0.643,-0.329
PI264904,36.312,27.929,73,185,71,31,5659,304,82,222,133,258,258,118,866,215,1,100,540,4,4,404,-0.88,0.534,0.396
PI264906,36.279,27.929,575,185,71,31,5659,304,82,222,133,258,258,118,866,215,1,100,540,4,4,404,-0.88,0.534,0.396
PI264909,40.946,25.846,111,132,97,33,6850,294,2,292,63,218,221,47,607,88,16,41,236,73,78,221,-0.265,0.475,-0.683
PI264911,40.628,23.767,7,135,96,32,6969,294,3,291,64,221,225,47,517,65,20,31,187,74,87,166,-0.263,0.473,-0.853
PI264912,40.363,23.529,400,126,96,32,6922,286,-6,292,56,212,216,39,528,66,21,31,187,76,87,170,-0.178,0.498,-0.871
PI328388,35.122,25.858,120,184,57,30,4950,282,93,189,126,248,248,123,549,117,1,86,293,5,5,255,-0.941,0.67,-0.214
PI328409,36.796,22.479,189,149,87,36,5526,282,43,239,98,220,220,83,755,142,7,75,384,25,25,356,-0.613,0.644,-0.128
PI328417,38.03,23.63,135,181,88,32,6537,333,62,271,152,268,268,103,412,70,5,63,184,20,20,169,-0.856,0.155,-0.472
PI328484,35.252,24.991,371,157,64,31,5248,266,63,203,95,226,226,93,907,188,2,83,479,17,17,431,-0.651,0.885,0.075
PI328485,35.113,26.196,542,162,60,30,5107,266,69,197,102,228,228,100,686,151,1,87,379,8,8,325,-0.706,0.734,-0.09
PI328486,35.518,23.874,15,188,61,30,5195,294,94,200,126,256,256,125,607,121,1,85,323,6,6,282,-0.97,0.639,-0.175
PI328498,37.697,22.147,1093,114,107,38,6055,272,-5,277,55,193,193,40,895,152,15,61,411,61,61,392,-0.219,0.676,-0.217
PI328520,39.097,22.097,584,141,113,36,6912,316,3,313,69,227,231,54,759,115,16,45,294,75,80,293,-0.366,0.411,-0.474
PI328577,36.847,22.664,9,175,82,35,5434,304,71,233,126,246,246,110,633,123,4,78,329,14,14,240,-0.856,0.447,-0.131
PI328578,35.257,26.251,19,190,57,30,4930,288,98,190,132,253,253,129,555,121,0,86,300,3,3,266,-0.999,0.666,-0.185
PI328632,35.464,23.73,427,181,63,31,5228,289,86,203,118,248,248,117,633,127,1,85,337,6,6,295,-0.902,0.648,-0.156
PI328637,37.347,22.647,761,138,104,38,5973,293,20,273,81,216,216,65,745,134,10,66,358,39,39,337,-0.482,0.505,-0.233
PI328639,39.097,22.097,584,141,113,36,6912,316,3,313,69,227,231,54,759,115,16,45,294,75,80,293,-0.366,0.411,-0.474
PI328787,35.308,25.566,46,186,56,29,4980,285,95,190,127,251,251,124,530,109,1,82,277,5,5,242,-0.952,0.668,-0.277
PI329032,37.014,22.531,267,161,93,37,5563,299,51,248,110,234,234,95,699,133,6,74,355,22,22,325,-0.742,0.524,-0.141
PI329042,37.248,22.064,630,139,102,39,5664,285,25,260,85,212,212,70,842,154,10,69,414,37,37,385,-0.515,0.632,-0.094
PI329043,39.098,22.098,576,141,113,36,6912,316,3,313,69,227,231,54,759,115,16,45,294,75,80,293,-0.366,0.411,-0.474
PI329114,38.055,23.09,84,172,98,35,6379,328,50,278,110,256,256,95,567,97,7,62,254,31,31,239,-0.77,0.293,-0.404
PI636056,48.404,21.637,360,92,98,30,7896,258,-63,321,190,1,190,-14,647,88,33,32,239,108,239,126,0.546,0.12,-0.214
PI636060,48.054,20.921,105,101,103,31,8061,272,-58,330,199,10,199,-8,554,80,27,34,205,83,205,95,0.438,-0.088,-0.231
CIho03826,34.304,74.454,1587,142,115,37,7508,298,-10,308,94,98,233,40,823,146,29,57,391,117,127,208,-0.051,0.256,-0.058
CIho03853,34.338,74.888,2666,9,78,23,9230,178,-159,337,-6,-25,119,-115,665,93,19,42,250,75,178,139,1.504,0.081,-0.686
CIho03865,34.338,74.888,2666,9,78,23,9230,178,-159,337,-6,-25,119,-115,665,93,19,42,250,75,178,139,1.504,0.081,-0.686
CIho03886,34.321,75.105,4190,-13,78,22,9489,161,-186,347,-30,-47,100,-140,490,63,14,40,179,57,129,105,1.707,-0.048,-0.951
PI030842,27.355,80.855,134,251,126,41,5726,396,89,307,289,238,312,168,1078,330,1,126,796,29,135,45,-1.118,-0.813,1.941
PI039368,26.089,85.789,51,253,111,41,4974,368,99,269,290,188,301,177,1138,308,1,116,796,25,511,30,-0.996,-0.588,2.204
PI164385,29.906,75.939,229,247,149,42,6895,410,61,349,302,160,326,150,482,157,1,128,383,21,187,34,-1.083,-1.239,1.158
PI164744,15.456,75.272,597,255,112,56,2007,363,163,200,247,254,286,233,665,130,0,79,314,9,140,42,-1.902,0.336,0.585
PI165883,30.356,79.439,2146,154,101,40,4949,275,28,247,196,121,209,84,1363,327,15,83,769,111,512,199,-0.148,0.322,1.66
PI166058,27.356,80.856,133,251,126,41,5726,396,89,307,289,238,312,168,1078,330,1,126,796,29,135,45,-1.118,-0.813,1.941
PI166060,27.356,80.856,133,251,126,41,5726,396,89,307,289,238,312,168,1078,330,1,126,796,29,135,45,-1.118,-0.813,1.941
PI166078,30.356,79.439,2146,154,101,40,4949,275,28,247,196,121,209,84,1363,327,15,83,769,111,512,199,-0.148,0.322,1.66
PI176004,30.139,80.289,3488,117,100,41,4967,235,-5,240,164,83,173,48,1429,328,15,84,826,103,787,194,0.288,0.317,1.925
PI176010,30.14,80.29,3496,117,100,41,4967,235,-5,240,164,83,173,48,1429,328,15,84,826,103,787,194,0.288,0.317,1.925
PI176021,29.94,79.606,1260,160,103,41,4754,282,33,249,197,100,211,91,1498,396,9,97,924,105,624,158,-0.084,0.099,2.26
PI176035,29.94,79.606,1260,160,103,41,4754,282,33,249,197,100,211,91,1498,396,9,97,924,105,624,158,-0.084,0.099,2.26
PI176042,29.94,79.607,1238,160,103,41,4754,282,33,249,197,100,211,91,1498,396,9,97,924,105,624,158,-0.084,0.099,2.26
PI176061,29.94,79.607,1238,160,103,41,4754,282,33,249,197,100,211,91,1498,396,9,97,924,105,624,158,-0.084,0.099,2.26
PI176112,30.49,78.59,1907,146,88,37,4882,259,22,237,185,116,201,76,1672,419,15,97,1061,117,640,191,0.114,0.303,2.378
PI176113,30.607,78.774,2865,101,87,37,5100,211,-23,234,149,71,158,29,1416,285,22,68,729,136,653,266,0.426,0.718,1.36
PI176118,30.607,78.774,2865,101,87,37,5100,211,-23,234,149,71,158,29,1416,285,22,68,729,136,653,266,0.426,0.718,1.36
PI176129,30.607,78.774,2865,101,87,37,5100,211,-23,234,149,71,158,29,1416,285,22,68,729,136,653,266,0.426,0.718,1.36
PI176144,30.607,78.774,2865,101,87,37,5100,211,-23,234,149,71,158,29,1416,285,22,68,729,136,653,266,0.426,0.718,1.36
PI176162,30.607,78.774,2865,101,87,37,5100,211,-23,234,149,71,158,29,1416,285,22,68,729,136,653,266,0.426,0.718,1.36
PI181102,32.691,77.107,5333,-32,100,30,7724,126,-197,323,61,-66,64,-134,372,51,10,39,141,46,117,84,1.597,-0.047,-0.748
PI181108,24.941,72.857,268,263,131,43,4863,404,104,300,283,255,321,194,567,207,1,152,500,3,51,5,-1.483,-0.95,1.347
PI181113,24.024,72.491,187,265,141,47,4403,405,106,299,281,260,319,203,650,271,0,155,569,2,56,4,-1.537,-0.976,1.647
PI429883,34.341,76.191,4573,-25,94,25,9777,163,-212,375,93,-63,94,-155,167,23,4,47,57,20,39,41,1.691,-0.625,-0.882
PI429947,32.141,76.941,4028,34,90,32,6622,161,-114,275,107,5,113,-56,805,109,18,41,289,88,239,186,0.951,0.475,-0.222
PI429995,29.858,80.391,2130,152,102,42,4827,271,31,240,193,117,204,84,1596,394,12,96,987,100,655,154,-0.032,0.16,2.338
CIho06950,32.109,53.109,1726,159,158,38,8985,376,-39,415,62,261,274,41,89,17,0,80,46,0,1,42,-0.435,-1.093,-0.731
CIho06952,32.776,51.742,1556,158,152,36,8899,372,-39,411,58,262,270,40,119,19,0,80,55,0,1,54,-0.403,-1.028,-0.744
PI047541,32.109,53.109,1726,159,158,38,8985,376,-39,415,62,261,274,41,89,17,0,80,46,0,1,42,-0.435,-1.093,-0.731
PI048641,32.109,53.109,1726,159,158,38,8985,376,-39,415,62,261,274,41,89,17,0,80,46,0,1,42,-0.435,-1.093,-0.731
PI138698,27.426,56.393,108,264,102,38,5952,382,120,262,182,334,334,182,133,43,0,113,96,1,1,96,-1.655,-0.289,-0.222
PI138699,30.393,57.188,1954,150,169,43,7853,349,-40,389,70,198,250,48,157,33,0,90,93,2,4,79,-0.431,-0.956,-0.488
PI138706,30.493,57.659,458,235,148,40,7756,414,53,361,153,333,333,133,70,16,0,100,44,0,0,40,-1.295,-0.956,-0.41
PI138709,29.21,58.46,958,220,137,38,7717,392,39,353,177,316,316,117,70,17,0,94,43,2,2,31,-1.124,-0.887,-0.411
PI138710,32.11,53.11,1729,159,158,38,8985,376,-39,415,62,261,274,41,89,17,0,80,46,0,1,42,-0.435,-1.093,-0.731
PI138711,32.11,53.11,1729,159,158,38,8985,376,-39,415,62,261,274,41,89,17,0,80,46,0,1,42,-0.435,-1.093,-0.731
PI138722,31.143,52.943,2073,134,166,40,8679,353,-62,415,39,245,245,20,156,35,1,83,86,3,3,82,-0.246,-1.016,-0.67
PI138726,29.11,53.11,1886,174,157,42,7832,370,1,369,73,274,274,73,262,72,0,107,168,2,2,168,-0.743,-0.8,-0.284
PI141423,33.577,49.177,1700,110,151,37,8623,329,-73,402,7,219,219,-2,324,61,1,79,155,3,5,150,0.008,-0.754,-0.66
PI141441,36.327,57.81,1580,117,150,37,8923,325,-76,401,112,222,230,0,219,46,1,74,114,5,11,68,-0.034,-0.976,-0.51
PI225136,32.11,53.11,1729,159,158,38,8985,376,-39,415,62,261,274,41,89,17,0,80,46,0,1,42,-0.435,-1.093,-0.731
PI226639,29.744,51.844,2293,153,155,40,8010,354,-26,380,55,254,256,55,315,73,1,97,187,3,3,187,-0.501,-0.738,-0.374
PI227449,29.11,53.11,1886,174,157,42,7832,370,1,369,73,274,274,73,262,72,0,107,168,2,2,168,-0.743,-0.8,-0.284
PI243581,38.344,48.411,1310,96,112,31,7753,303,-55,358,70,192,192,-3,356,43,12,31,115,47,47,103,0.141,-0.091,-0.96
PI243587,35.844,50.494,1150,149,136,35,8772,350,-35,385,83,259,259,34,296,50,2,66,133,12,12,108,-0.324,-0.696,-0.636
PI243588,30.394,57.19,1960,150,169,43,7853,349,-40,389,70,198,250,48,157,33,0,90,93,2,4,79,-0.431,-0.956,-0.488
PI243607,36.328,57.811,1632,117,150,37,8923,325,-76,401,112,222,230,0,219,46,1,74,114,5,11,68,-0.034,-0.976,-0.51
PI243609,37.578,57.428,917,138,135,34,9329,348,-48,396,134,247,258,17,252,46,3,67,124,10,14,80,-0.198,-0.888,-0.536
PI244807,36.945,54.595,11,182,106,35,7223,338,40,298,96,273,273,93,438,76,11,50,166,38,38,139,-0.752,0.099,-0.635
PI250861,36.411,59.711,1024,129,142,36,8408,327,-60,387,73,224,235,19,257,56,1,78,135,5,7,87,-0.135,-0.806,-0.543
PI268241,29.728,52.345,2054,134,165,42,7963,343,-46,389,44,237,237,33,315,77,1,95,184,4,4,182,-0.342,-0.787,-0.378
PI268250,32.795,47.378,1158,175,161,39,8626,398,-5,403,77,285,285,64,362,69,0,84,176,0,0,175,-0.679,-0.878,-0.405
PI268255,30.412,51.595,2085,125,162,40,8334,339,-65,404,27,231,231,19,294,63,1,91,164,5,5,162,-0.182,-0.846,-0.508
PI268256,30.412,51.595,2085,125,162,40,8334,339,-65,404,27,231,231,19,294,63,1,91,164,5,5,162,-0.182,-0.846,-0.508
PI289811,32.295,48.345,92,245,157,39,8766,460,60,400,148,355,355,131,334,78,0,97,195,0,0,183,-1.33,-1.013,-0.14
PI429360,36.312,48.312,1700,109,146,37,8571,322,-70,392,-4,214,217,-4,391,66,2,71,178,11,13,178,0.029,-0.576,-0.702
PI494169,38.192,46.404,1889,92,117,32,8740,287,-76,363,77,200,200,-22,352,59,9,55,164,30,43,74,0.268,-0.446,-0.683
PI494175,32.562,48.462,392,225,159,39,8769,445,40,405,130,336,336,111,396,88,0,91,214,0,0,213,-1.14,-0.944,-0.169
CIho01458,33.413,44.713,37,228,154,39,8640,436,45,391,129,335,335,115,176,33,0,91,95,0,0,91,-1.176,-1.019,-0.429
CIho01461,33.413,44.713,37,228,154,39,8640,436,45,391,129,335,335,115,176,33,0,91,95,0,0,91,-1.176,-1.019,-0.429
CIho01468,33.413,44.713,37,228,154,39,8640,436,45,391,129,335,335,115,176,33,0,91,95,0,0,91,-1.176,-1.019,-0.429
CIho02337,33.113,44.113,39,226,154,39,8685,433,40,393,127,333,333,112,134,26,0,85,72,0,0,66,-1.143,-1.029,-0.509
CIho02339,33.113,44.113,39,226,154,39,8685,433,40,393,127,333,333,112,134,26,0,85,72,0,0,66,-1.143,-1.029,-0.509
PI057015,33.113,44.113,39,226,154,39,8685,433,40,393,127,333,333,112,134,26,0,85,72,0,0,66,-1.143,-1.029,-0.509
PI076280,33.397,44.63,37,228,154,39,8671,436,45,391,128,335,335,114,170,32,0,87,91,0,0,87,-1.172,-1.004,-0.462
PI076281,33.397,44.63,37,228,154,39,8671,436,45,391,128,335,335,114,170,32,0,87,91,0,0,87,-1.172,-1.004,-0.462
PI076284,33.397,44.63,37,228,154,39,8671,436,45,391,128,335,335,114,170,32,0,87,91,0,0,87,-1.172,-1.004,-0.462
PI076285,33.397,44.631,37,228,154,39,8671,436,45,391,128,335,335,114,170,32,0,87,91,0,0,87,-1.172,-1.004,-0.462
PI076286,33.397,44.631,37,228,154,39,8671,436,45,391,128,335,335,114,170,32,0,87,91,0,0,87,-1.172,-1.004,-0.462
PI076290,33.397,44.631,37,228,154,39,8671,436,45,391,128,335,335,114,170,32,0,87,91,0,0,87,-1.172,-1.004,-0.462
PI076291,33.397,44.631,37,228,154,39,8671,436,45,391,128,335,335,114,170,32,0,87,91,0,0,87,-1.172,-1.004,-0.462
PI076294,33.398,44.631,37,228,154,39,8671,436,45,391,128,335,335,114,170,32,0,87,91,0,0,87,-1.172,-1.004,-0.462
PI076296,33.398,44.631,37,228,154,39,8671,436,45,391,128,335,335,114,170,32,0,87,91,0,0,87,-1.172,-1.004,-0.462
PI178636,33.415,44.715,38,228,154,39,8640,436,45,391,129,335,335,115,176,33,0,91,95,0,0,91,-1.176,-1.019,-0.429
PI178637,33.415,44.715,38,228,154,39,8640,436,45,391,129,335,335,115,176,33,0,91,95,0,0,91,-1.176,-1.019,-0.429
PI253938,35.665,45.548,907,171,125,31,9603,382,-11,393,59,292,292,46,800,159,0,91,444,0,0,416,-0.443,-0.496,-0.027
PI584785,33.115,44.115,38,226,154,39,8685,433,40,393,127,333,333,112,134,26,0,85,72,0,0,66,-1.143,-1.029,-0.509
PI584786,33.115,44.115,38,226,154,39,8685,433,40,393,127,333,333,112,134,26,0,85,72,0,0,66,-1.143,-1.029,-0.509
PI584788,33.115,44.115,38,226,154,39,8685,433,40,393,127,333,333,112,134,26,0,85,72,0,0,66,-1.143,-1.029,-0.509
PI282616,31.617,34.867,233,199,115,47,4855,321,78,243,135,254,256,135,411,105,0,109,265,0,0,265,-1.233,0.154,0.027
PI572573,32.118,35.185,400,190,110,45,5237,315,72,243,122,249,252,122,547,143,0,111,366,0,0,320,-1.094,0.208,0.187
PI264864,44.586,10.036,807,107,76,27,6808,256,-18,274,115,194,194,19,871,109,47,24,292,166,166,200,0.155,0.979,-0.606
PI264888,37.436,15.07,7,177,101,39,5432,317,63,254,157,247,250,113,546,114,5,70,258,25,55,205,-0.914,0.282,-0.126
PI264890,37.753,14.887,1224,126,67,28,6001,261,26,235,101,206,206,57,586,89,12,52,237,45,45,207,-0.297,0.671,-0.59
PI264891,41.253,13.987,440,131,87,34,5852,273,20,253,103,207,207,60,847,123,28,39,324,108,108,266,-0.303,0.917,-0.419
PI264894,38.569,16.564,19,177,77,33,5360,305,77,228,157,246,249,114,835,133,12,62,370,44,81,336,-0.853,0.773,-0.076
PI264926,41.254,13.987,437,131,87,34,5852,273,20,253,103,207,207,60,847,123,28,39,324,108,108,266,-0.303,0.917,-0.419
PI328924,38.22,15.77,660,154,69,31,5445,278,58,220,106,225,227,90,832,119,17,53,338,60,100,287,-0.574,0.927,-0.322
PI328945,38.221,15.771,686,142,68,30,5520,267,46,221,93,214,215,77,831,119,18,52,337,63,100,283,-0.438,0.945,-0.37
PI331878,38.221,15.771,686,142,68,30,5520,267,46,221,93,214,215,77,831,119,18,52,337,63,100,283,-0.438,0.945,-0.37
PI331912,42.954,12.954,1000,96,69,27,6347,237,-12,249,107,23,179,18,885,104,53,21,287,173,202,182,0.389,1.132,-0.547
CIho11757,35.807,139.875,6,152,84,27,7616,306,-2,308,223,55,250,55,1399,185,45,40,501,153,466,153,0.215,0.345,0.703
PI080937,35.739,138.731,791,105,111,31,8426,278,-78,356,212,-3,212,-3,1404,191,39,47,536,137,536,137,0.755,-0.131,0.934
PI080938,36.673,138.239,350,119,98,27,9032,300,-56,356,233,47,233,3,1198,154,70,29,402,216,402,244,0.561,0.437,0.232
PI182602,37.968,139.17,3,133,74,23,8486,304,-8,312,55,106,244,29,1897,243,102,27,647,325,494,590,0.47,1.83,0.133
PI190271,34.785,134.058,58,147,96,29,8220,315,-9,324,218,44,253,44,1349,203,46,48,540,155,487,155,0.285,0.144,0.85
PI190771,33.123,131.123,686,127,87,28,7859,279,-27,306,224,47,227,25,2350,436,70,61,1096,227,964,244,0.868,0.511,2.551
PI223143,31.125,36.125,888,162,129,44,6187,310,17,293,77,234,234,77,184,43,0,103,117,0,0,117,-0.734,-0.304,-0.434
PI233834,31.126,36.126,887,162,129,44,6187,310,17,293,77,234,234,77,184,43,0,103,117,0,0,117,-0.734,-0.304,-0.434
PI420922,32.21,35.843,350,175,113,41,6094,314,43,271,94,246,246,94,421,99,0,107,273,0,0,273,-0.857,0.005,-0.132
PI420923,30.777,35.76,1158,152,116,42,5802,294,23,271,74,220,220,74,315,68,0,105,195,0,0,195,-0.67,-0.045,-0.321
PI639299,43.377,77.077,670,87,110,26,10795,294,-119,413,159,207,220,-57,499,79,23,46,210,78,107,80,0.632,-0.666,-0.479
PI639300,43.377,77.077,670,87,110,26,10795,294,-119,413,159,207,220,-57,499,79,23,46,210,78,107,80,0.632,-0.666,-0.479
PI083794,40.578,129.028,266,71,104,28,9323,247,-122,369,187,-40,187,-54,759,157,17,70,393,64,393,65,1.064,-0.734,0.601
PI087780,39.162,125.882,265,92,109,25,11489,290,-143,433,226,-65,232,-65,1019,313,12,105,648,44,632,44,1.364,-1.624,1.862
PI087782,39.162,125.882,265,92,109,25,11489,290,-143,433,226,-65,232,-65,1019,313,12,105,648,44,632,44,1.364,-1.624,1.862
PI087835,41.716,129.734,1,79,109,29,9258,256,-112,368,190,-45,195,-45,669,152,10,80,359,36,358,36,0.945,-0.938,0.639
PI087836,39.162,125.883,277,92,109,25,11489,290,-143,433,226,-65,232,-65,1019,313,12,105,648,44,632,44,1.364,-1.624,1.862
PI087838,39.162,125.883,277,92,109,25,11489,290,-143,433,226,-65,232,-65,1019,313,12,105,648,44,632,44,1.364,-1.624,1.862
PI087839,39.162,125.883,277,92,109,25,11489,290,-143,433,226,-65,232,-65,1019,313,12,105,648,44,632,44,1.364,-1.624,1.862
PI087840,39.162,125.883,277,92,109,25,11489,290,-143,433,226,-65,232,-65,1019,313,12,105,648,44,632,44,1.364,-1.624,1.862
PI087841,40.054,125.522,100,82,110,26,11155,274,-148,422,211,-71,219,-71,1085,302,13,104,696,43,677,43,1.439,-1.53,1.9
PI087842,38.831,127.57,810,59,109,27,10179,239,-155,394,179,-79,185,-79,1424,364,26,94,875,83,834,83,1.677,-1.055,2.235
PI087844,40.476,127.497,1738,-12,117,26,11463,192,-248,440,129,-169,129,-169,1123,269,18,91,674,58,674,58,2.371,-1.39,1.522
PI190786,40.129,127.129,1025,5,118,26,11431,207,-235,442,145,-152,145,-152,1171,297,18,95,713,58,713,58,2.249,-1.454,1.738
PI190787,40.129,127.129,1025,5,118,26,11431,207,-235,442,145,-152,145,-152,1171,297,18,95,713,58,713,58,2.249,-1.454,1.738
PI190790,40.129,127.129,1025,5,118,26,11431,207,-235,442,145,-152,145,-152,1171,297,18,95,713,58,713,58,2.249,-1.454,1.738
PI087180,36.13,127.83,428,113,111,30,9465,291,-78,369,231,-13,231,-13,1223,292,27,80,676,92,676,92,0.87,-0.796,1.711
PI087752,36.648,126.93,223,112,108,28,9697,294,-83,377,229,-16,233,-16,1256,290,27,80,686,91,685,91,0.933,-0.839,1.717
PI087754,35.88,127.38,399,93,112,29,9518,274,-101,375,213,-33,213,-33,1422,324,35,77,779,115,779,115,1.164,-0.688,1.924
PI087757,35.88,127.38,399,93,112,29,9518,274,-101,375,213,-33,213,-33,1422,324,35,77,779,115,779,115,1.164,-0.688,1.924
PI087763,35.88,127.38,399,93,112,29,9518,274,-101,375,213,-33,213,-33,1422,324,35,77,779,115,779,115,1.164,-0.688,1.924
PI087765,35.88,127.38,399,93,112,29,9518,274,-101,375,213,-33,213,-33,1422,324,35,77,779,115,779,115,1.164,-0.688,1.924
PI087767,35.88,127.38,399,93,112,29,9518,274,-101,375,213,-33,213,-33,1422,324,35,77,779,115,779,115,1.164,-0.688,1.924
PI087778,35.591,128.344,171,127,113,31,9051,299,-64,363,240,7,240,7,1266,274,20,79,699,82,699,82,0.694,-0.812,1.772
PI087795,35.88,127.38,399,93,112,29,9518,274,-101,375,213,-33,213,-33,1422,324,35,77,779,115,779,115,1.164,-0.688,1.924
PI087800,36.464,128.881,147,113,115,30,9297,289,-83,372,224,-11,228,-11,1067,220,22,72,550,84,548,84,0.769,-0.772,1.224
PI087815,36.464,128.881,147,113,115,30,9297,289,-83,372,224,-11,228,-11,1067,220,22,72,550,84,548,84,0.769,-0.772,1.224
PI186125,37.132,127.632,60,114,115,28,10217,299,-100,399,234,-24,240,-24,1246,325,23,88,714,78,702,78,1.025,-1.134,1.942
PI186130,37.132,127.632,60,114,115,28,10217,299,-100,399,234,-24,240,-24,1246,325,23,88,714,78,702,78,1.025,-1.134,1.942
PI186134,37.132,127.632,60,114,115,28,10217,299,-100,399,234,-24,240,-24,1246,325,23,88,714,78,702,78,1.025,-1.134,1.942
PI190824,35.594,128.346,160,127,113,31,9051,299,-64,363,240,7,240,7,1266,274,20,79,699,82,699,82,0.694,-0.812,1.772
PI190852,37.133,127.633,62,114,115,28,10217,299,-100,399,234,-24,240,-24,1246,325,23,88,714,78,702,78,1.025,-1.134,1.942
PI182661,33.885,36.001,939,146,126,40,6523,317,8,309,61,226,226,61,707,164,1,100,434,3,3,434,-0.544,0.07,0.073
PI182662,33.885,36.001,939,146,126,40,6523,317,8,309,61,226,226,61,707,164,1,100,434,3,3,434,-0.544,0.07,0.073
PI026179,25.135,17.135,422,225,159,46,6506,390,48,342,230,151,299,134,1,1,0,28,1,0,0,0,-1.169,-0.603,-0.593
PI060663,32.89,13.286,6,198,102,42,5041,317,78,239,147,257,260,132,275,67,0,93,161,1,11,149,-1.163,0.111,-0.254
PI235186,25.135,17.135,422,225,159,46,6506,390,48,342,230,151,299,134,1,1,0,28,1,0,0,0,-1.169,-0.603,-0.593
PI264210,25.136,17.136,424,225,159,46,6506,390,48,342,230,151,299,134,1,1,0,28,1,0,0,0,-1.169,-0.603,-0.593
PI410437,32.889,13.286,6,198,102,42,5041,317,78,239,147,257,260,132,275,67,0,93,161,1,11,149,-1.163,0.111,-0.254
PI344871,42.253,21.836,421,109,110,34,7377,280,-38,318,147,196,200,10,537,62,34,18,156,114,126,126,0.04,0.369,-0.751
PI344874,41.937,21.037,741,108,103,33,7306,275,-36,311,63,198,198,11,740,87,41,21,233,137,137,200,0.113,0.699,-0.813
PI344889,41.903,21.887,381,115,112,34,7562,291,-35,326,154,204,209,14,501,59,31,20,148,104,116,114,-0.018,0.243,-0.734
PI374413,42.32,21.954,814,101,107,34,7191,268,-42,310,138,186,190,6,544,63,35,18,158,116,129,127,0.103,0.449,-0.77
PI378216,41.137,20.937,1418,76,100,35,6402,232,-53,285,43,157,157,-6,892,112,46,26,297,145,145,258,0.337,1.012,-0.69
PI390302,41.354,21.337,599,107,110,34,7182,278,-38,316,65,193,197,12,635,76,36,22,199,116,120,164,0.079,0.534,-0.843
PI390304,41.571,22.287,531,121,109,33,7594,295,-28,323,160,211,216,21,472,57,31,21,141,97,111,104,-0.073,0.22,-0.739
PI390323,41.671,22.671,861,89,102,33,7010,252,-49,301,122,174,177,-2,534,61,31,19,156,106,126,129,0.198,0.488,-0.809
PI405744,41.871,21.888,439,108,110,34,7412,280,-40,320,145,195,199,9,522,62,33,19,153,107,120,120,0.05,0.329,-0.752
PI405756,41.554,22.021,147,132,112,33,7714,309,-21,330,84,223,228,30,470,55,28,21,141,93,104,107,-0.139,0.238,-0.914
PI405762,41.638,22.021,351,123,112,34,7647,300,-28,328,163,214,219,22,479,57,30,21,141,98,110,107,-0.1,0.186,-0.722
PI405780,41.371,22.738,859,134,106,33,7557,306,-13,319,88,224,229,35,463,55,28,21,139,90,103,113,-0.183,0.314,-0.919
PI405792,42.021,22.321,1181,71,99,34,6756,228,-62,290,-3,153,156,-17,580,65,36,18,168,115,133,147,0.401,0.785,-1.09
PI405802,42.288,22.155,1075,86,102,34,6915,246,-51,297,120,169,172,-5,551,63,36,18,157,114,129,134,0.225,0.574,-0.821
PI415314,41.972,22.138,621,109,109,34,7345,280,-36,316,147,28,201,12,501,60,32,20,150,105,120,112,0.21,0.263,-0.644
PI415330,41.972,22.138,621,109,109,34,7345,280,-36,316,147,28,201,12,501,60,32,20,150,105,120,112,0.21,0.263,-0.644
PI415331,41.972,22.139,629,109,109,34,7345,280,-36,316,147,28,201,12,501,60,32,20,150,105,120,112,0.21,0.263,-0.644
PI415348,41.972,22.139,629,109,109,34,7345,280,-36,316,147,28,201,12,501,60,32,20,150,105,120,112,0.21,0.263,-0.644
PI415349,41.972,22.139,629,109,109,34,7345,280,-36,316,147,28,201,12,501,60,32,20,150,105,120,112,0.21,0.263,-0.644
PI415362,41.972,22.139,629,109,109,34,7345,280,-36,316,147,28,201,12,501,60,32,20,150,105,120,112,0.21,0.263,-0.644
PI415363,41.972,22.139,629,109,109,34,7345,280,-36,316,147,28,201,12,501,60,32,20,150,105,120,112,0.21,0.263,-0.644
PI415365,41.972,22.139,629,109,109,34,7345,280,-36,316,147,28,201,12,501,60,32,20,150,105,120,112,0.21,0.263,-0.644
PI420454,41.973,22.139,620,109,109,34,7345,280,-36,316,147,28,201,12,501,60,32,20,150,105,120,112,0.21,0.263,-0.644
PI420459,41.973,22.139,620,109,109,34,7345,280,-36,316,147,28,201,12,501,60,32,20,150,105,120,112,0.21,0.263,-0.644
PI420462,41.973,22.14,616,109,109,34,7345,280,-36,316,147,28,201,12,501,60,32,20,150,105,120,112,0.21,0.263,-0.644
PI420463,41.973,22.14,616,109,109,34,7345,280,-36,316,147,28,201,12,501,60,32,20,150,105,120,112,0.21,0.263,-0.644
PI420482,41.973,22.14,616,109,109,34,7345,280,-36,316,147,28,201,12,501,60,32,20,150,105,120,112,0.21,0.263,-0.644
CIho04049,46.76,96.56,1770,-8,139,28,12461,221,-263,484,145,-174,145,-174,154,42,1,103,102,5,102,5,1.945,-1.968,-0.083
CIho04050,46.326,95.393,1124,37,141,26,14020,283,-249,532,205,-116,205,-157,72,20,1,97,51,3,51,3,1.656,-2.323,-0.167
CIho04056,46.143,105.143,1362,14,143,28,13255,255,-250,505,177,-131,177,-164,163,48,1,110,114,5,114,5,1.776,-2.203,0.064
CIho04063,46.76,96.56,1770,-8,139,28,12461,221,-263,484,145,-174,145,-174,154,42,1,103,102,5,102,5,1.945,-1.968,-0.083
CIho04064,46.76,96.56,1770,-8,139,28,12461,221,-263,484,145,-174,145,-174,154,42,1,103,102,5,102,5,1.945,-1.968,-0.083
CIho04069,46.66,96.477,1814,-7,138,28,12365,220,-260,480,146,-171,146,-171,152,41,1,101,100,5,100,5,1.919,-1.93,-0.102
CIho04074,46.76,96.56,1770,-8,139,28,12461,221,-263,484,145,-174,145,-174,154,42,1,103,102,5,102,5,1.945,-1.968,-0.083
CIho04083,46.794,96.611,1942,-12,140,29,12369,216,-265,481,140,-177,140,-177,160,44,1,99,106,5,106,5,1.966,-1.922,-0.1
CIho14151,46.144,105.144,1363,14,143,28,13255,255,-250,505,177,-131,177,-164,163,48,1,110,114,5,114,5,1.776,-2.203,0.064
CIho14158,46.144,105.144,1363,14,143,28,13255,255,-250,505,177,-131,177,-164,163,48,1,110,114,5,114,5,1.776,-2.203,0.064
CIho14216,46.144,105.144,1363,14,143,28,13255,255,-250,505,177,-131,177,-164,163,48,1,110,114,5,114,5,1.776,-2.203,0.064
CIho14219,46.144,105.144,1363,14,143,28,13255,255,-250,505,177,-131,177,-164,163,48,1,110,114,5,114,5,1.776,-2.203,0.064
CIho14222,46.145,105.145,1367,14,143,28,13255,255,-250,505,177,-131,177,-164,163,48,1,110,114,5,114,5,1.776,-2.203,0.064
CIho14228,46.145,105.145,1367,14,143,28,13255,255,-250,505,177,-131,177,-164,163,48,1,110,114,5,114,5,1.776,-2.203,0.064
CIho14234,46.145,105.145,1367,14,143,28,13255,255,-250,505,177,-131,177,-164,163,48,1,110,114,5,114,5,1.776,-2.203,0.064
CIho14239,46.145,105.145,1367,14,143,28,13255,255,-250,505,177,-131,177,-164,163,48,1,110,114,5,114,5,1.776,-2.203,0.064
PI061576,46.145,105.145,1367,14,143,28,13255,255,-250,505,177,-131,177,-164,163,48,1,110,114,5,114,5,1.776,-2.203,0.064
PI061589,46.146,105.146,1366,13,143,28,13235,254,-250,504,176,-132,176,-165,165,48,1,112,116,5,116,5,1.783,-2.209,0.078
PI184103,43.296,19.246,1025,76,95,33,6658,227,-59,286,40,156,159,-12,1126,120,77,13,329,249,253,282,0.518,1.486,-0.744
PI184112,43.496,19.496,845,78,93,32,6766,226,-60,286,143,2,161,-13,1034,103,70,12,289,219,263,237,0.644,1.154,-0.459
PI344944,43.53,19.48,939,81,94,32,6789,231,-58,289,148,5,165,-9,1026,102,70,12,286,218,260,237,0.61,1.129,-0.455
PI344956,43.297,19.263,996,76,95,33,6658,227,-59,286,40,156,159,-12,1126,120,77,13,329,249,253,282,0.518,1.486,-0.744
PI344958,43.297,19.263,996,76,95,33,6658,227,-59,286,40,156,159,-12,1126,120,77,13,329,249,253,282,0.518,1.486,-0.744
PI356672,32.148,-4.852,1536,149,151,41,6922,357,-9,366,107,245,245,65,242,32,6,40,87,23,23,62,-0.582,-0.416,-0.76
PI356696,32.148,-4.852,1536,149,151,41,6922,357,-9,366,107,245,245,65,242,32,6,40,87,23,23,62,-0.582,-0.416,-0.76
PI356711,32.148,-4.852,1536,149,151,41,6922,357,-9,366,107,245,245,65,242,32,6,40,87,23,23,62,-0.582,-0.416,-0.76
PI356713,32.149,-4.852,1538,149,151,41,6922,357,-9,366,107,245,245,65,242,32,6,40,87,23,23,62,-0.582,-0.416,-0.76
PI356715,32.149,-4.851,1543,149,151,41,6922,357,-9,366,107,245,245,65,242,32,6,40,87,23,23,62,-0.582,-0.416,-0.76
PI356718,32.149,-4.851,1543,149,151,41,6922,357,-9,366,107,245,245,65,242,32,6,40,87,23,23,62,-0.582,-0.416,-0.76
PI356719,32.149,-4.851,1543,149,151,41,6922,357,-9,366,107,245,245,65,242,32,6,40,87,23,23,62,-0.582,-0.416,-0.76
PI356732,32.149,-4.851,1543,149,151,41,6922,357,-9,366,107,245,245,65,242,32,6,40,87,23,23,62,-0.582,-0.416,-0.76
PI356734,32.149,-4.851,1543,149,151,41,6922,357,-9,366,107,245,245,65,242,32,6,40,87,23,23,62,-0.582,-0.416,-0.76
PI356737,32.149,-4.851,1543,149,151,41,6922,357,-9,366,107,245,245,65,242,32,6,40,87,23,23,62,-0.582,-0.416,-0.76
PI356741,32.149,-4.851,1543,149,151,41,6922,357,-9,366,107,245,245,65,242,32,6,40,87,23,23,62,-0.582,-0.416,-0.76
PI356742,32.149,-4.851,1543,149,151,41,6922,357,-9,366,107,245,245,65,242,32,6,40,87,23,23,62,-0.582,-0.416,-0.76
PI356755,32.15,-4.85,1545,149,151,41,6922,357,-9,366,107,245,245,65,242,32,6,40,87,23,23,62,-0.582,-0.416,-0.76
PI356759,32.15,-4.85,1545,149,151,41,6922,357,-9,366,107,245,245,65,242,32,6,40,87,23,23,62,-0.582,-0.416,-0.76
PI356763,32.15,-4.85,1545,149,151,41,6922,357,-9,366,107,245,245,65,242,32,6,40,87,23,23,62,-0.582,-0.416,-0.76
PI356771,32.15,-4.85,1545,149,151,41,6922,357,-9,366,107,245,245,65,242,32,6,40,87,23,23,62,-0.582,-0.416,-0.76
PI356775,32.15,-4.85,1545,149,151,41,6922,357,-9,366,107,245,245,65,242,32,6,40,87,23,23,62,-0.582,-0.416,-0.76
CIho14401,22.15,98.15,1024,208,123,49,3536,311,61,250,240,164,242,157,1447,279,3,83,761,22,661,26,-0.72,-0.138,2.058
PI176071,28.151,84.151,1135,203,108,48,4409,297,72,225,247,145,247,137,3055,766,7,106,2020,38,2020,53,0.304,-0.437,6.177
PI429504,27.384,87.234,469,222,113,49,4186,319,91,228,265,159,265,159,1434,320,8,91,839,38,839,38,-0.748,-0.135,2.454
PI429519,27.418,87.134,626,211,110,49,4185,305,81,224,254,148,254,148,1773,401,11,93,1045,47,1045,47,-0.483,-0.1,3.086
PI429521,27.535,87.551,2706,46,116,48,4682,148,-93,241,102,-8,102,-18,1009,233,7,95,622,35,622,45,0.821,-0.044,1.369
PI429526,27.601,87.368,1469,186,104,49,3999,275,64,211,229,127,229,127,2499,521,15,91,1458,75,1458,75,0.023,0.084,4.213
PI429533,27.718,87.385,2098,159,100,48,4092,246,38,208,204,108,204,99,2738,593,17,94,1643,83,1643,85,0.426,0.11,4.721
PI429546,27.602,87.035,3262,68,107,47,4330,164,-60,224,118,17,118,8,1421,348,7,100,900,38,900,52,0.782,-0.008,2.313
PI429594,27.735,86.602,5348,-37,135,47,5425,86,-199,285,26,-96,31,-107,418,124,2,117,292,14,282,19,1.466,-0.441,0.353
PI559494,29.402,82.402,4594,-1,105,44,4840,115,-122,237,53,-33,58,-64,792,159,6,68,396,74,366,140,1.07,0.459,0.294
PI559501,29.335,82.519,4633,38,102,44,4586,153,-77,230,86,6,92,-23,881,171,6,66,432,81,401,154,0.694,0.523,0.461
PI559516,28.152,84.152,1171,203,108,48,4409,297,72,225,247,145,247,137,3055,766,7,106,2020,38,2020,53,0.304,-0.437,6.177
PI559518,28.152,84.152,1171,203,108,48,4409,297,72,225,247,145,247,137,3055,766,7,106,2020,38,2020,53,0.304,-0.437,6.177
PI559519,28.152,84.152,1171,203,108,48,4409,297,72,225,247,145,247,137,3055,766,7,106,2020,38,2020,53,0.304,-0.437,6.177
PI573760,27.902,86.902,4982,-46,140,46,5756,83,-216,299,21,-109,26,-120,351,111,1,120,253,11,244,15,1.571,-0.569,0.25
PI573786,27.569,86.236,2445,144,104,47,4501,230,9,221,193,88,193,79,2070,555,5,111,1399,31,1399,32,0.456,-0.322,4.167
PI573792,27.569,86.236,2445,144,104,47,4501,230,9,221,193,88,193,79,2070,555,5,111,1399,31,1399,32,0.456,-0.322,4.167
PI573802,27.986,86.403,4776,-29,139,47,5604,100,-194,294,37,-90,41,-101,371,114,1,120,264,13,254,19,1.379,-0.538,0.318
PI573817,29.403,81.069,2709,150,100,42,4797,266,30,236,192,89,201,82,1338,320,12,90,800,91,540,135,-0.094,0.199,1.798
PI573864,28.736,83.486,5104,-42,112,45,4854,71,-174,245,13,-72,18,-105,542,120,4,77,295,51,272,87,1.413,0.281,-0.028
PI573926,29.82,81.403,4079,-28,106,42,5344,92,-158,250,34,-62,39,-97,800,176,8,77,436,70,402,127,1.429,0.297,0.413
PI573953,29.653,80.736,2361,171,107,43,4850,294,48,246,211,107,221,101,1693,418,13,99,1066,96,717,138,-0.134,0.036,2.649
PI573967,28.57,82.903,2669,71,105,45,4486,180,-51,231,114,41,121,8,797,178,7,76,430,71,404,116,0.393,0.355,0.61
PI573969,28.57,82.903,2669,71,105,45,4486,180,-51,231,114,41,121,8,797,178,7,76,430,71,404,116,0.393,0.355,0.61
PI573977,28.57,82.903,2669,71,105,45,4486,180,-51,231,114,41,121,8,797,178,7,76,430,71,404,116,0.393,0.355,0.61
PI573982,28.904,82.737,4665,73,105,45,4505,185,-47,232,117,41,124,11,824,180,7,75,439,73,410,123,0.37,0.366,0.634
PI573985,28.904,82.737,4665,73,105,45,4505,185,-47,232,117,41,124,11,824,180,7,75,439,73,410,123,0.37,0.366,0.634
PI574003,29.654,81.654,2693,123,108,45,4758,244,4,240,167,86,175,56,894,205,5,86,527,63,487,103,-0.047,0.104,1.075
PI574033,27.404,86.987,1424,105,95,45,4143,192,-17,209,151,54,151,46,1972,486,8,102,1274,45,1274,55,0.707,0.003,3.538
PI574062,27.904,86.904,5010,-46,140,46,5756,83,-216,299,21,-109,26,-120,351,111,1,120,253,11,244,15,1.571,-0.569,0.25
PI574067,27.904,86.904,5010,-46,140,46,5756,83,-216,299,21,-109,26,-120,351,111,1,120,253,11,244,15,1.571,-0.569,0.25
PI574081,28.988,82.404,5122,24,101,44,4522,135,-92,227,72,-5,78,-36,864,176,7,70,444,79,413,143,0.838,0.518,0.483
PI574085,27.071,88.071,1881,112,80,42,4085,189,1,188,156,63,156,52,1917,489,7,99,1202,46,1202,52,0.618,0.151,3.354
PI574089,27.071,88.071,1881,112,80,42,4085,189,1,188,156,63,156,52,1917,489,7,99,1202,46,1202,52,0.618,0.151,3.354
PI574091,27.071,88.071,1881,112,80,42,4085,189,1,188,156,63,156,52,1917,489,7,99,1202,46,1202,52,0.618,0.151,3.354
PI574094,27.071,88.071,1881,112,80,42,4085,189,1,188,156,63,156,52,1917,489,7,99,1202,46,1202,52,0.618,0.151,3.354
PI564647,24.506,56.609,0,264,128,47,5298,392,122,270,226,325,325,193,80,37,0,152,65,0,0,45,-1.816,-0.669,0.172
PI564648,23.662,57.328,123,270,106,43,4985,391,145,246,237,299,328,203,76,27,0,109,51,2,5,41,-1.845,-0.264,-0.131
PI564649,23.329,57.495,430,256,100,41,4984,376,133,243,225,284,314,188,95,30,0,105,61,6,8,45,-1.681,-0.188,-0.182
PI564661,23.329,57.495,430,256,100,41,4984,376,133,243,225,284,314,188,95,30,0,105,61,6,8,45,-1.681,-0.188,-0.182
PI564662,23.329,57.329,1288,222,98,39,5203,343,96,247,191,222,283,152,153,41,1,85,87,13,27,58,-1.261,-0.049,-0.306
PI564663,23.329,57.329,1288,222,98,39,5203,343,96,247,191,222,283,152,153,41,1,85,87,13,27,58,-1.261,-0.049,-0.306
PI564664,23.496,56.829,654,232,109,42,5112,358,102,256,201,233,292,163,124,40,1,98,78,11,14,53,-1.401,-0.202,-0.2
PI564666,23.746,56.696,769,236,113,43,5106,363,103,260,204,266,295,167,117,41,0,110,76,10,12,55,-1.48,-0.292,-0.128
PI564669,23.163,57.496,1915,206,92,37,5277,325,82,243,176,205,269,135,190,45,1,78,101,15,43,63,-1.071,0.04,-0.358
PI057958,31.58,73.246,189,241,142,39,7564,408,45,363,311,193,325,135,336,92,3,100,216,16,207,39,-1.026,-1.146,0.619
PI217948,34.064,70.264,2334,132,117,35,7636,290,-38,328,77,143,227,30,772,132,24,53,340,87,180,183,0.052,0.089,-0.162
PI244823,36.164,75.164,5060,-36,94,24,9945,159,-229,388,-49,-80,86,-170,120,19,3,45,51,13,29,22,1.893,-0.571,-1.247
PI244826,35.464,75.78,4313,4,99,24,10403,206,-195,401,-9,-42,130,-136,139,22,3,47,59,15,29,32,1.541,-0.719,-1.12
PI250365,30.164,70.164,851,197,145,39,7660,365,2,363,273,149,286,91,337,94,4,89,197,19,191,40,-0.614,-1.05,0.437
PI250366,33.681,74.081,1079,178,115,37,6940,332,22,310,137,135,259,82,641,95,18,42,231,75,184,135,-0.457,0.091,-0.229
PI269899,33.531,70.714,1136,174,119,35,7558,337,4,333,253,130,266,73,617,102,14,55,243,57,233,112,-0.375,-0.379,0.217
PI269912,36.247,72.214,1960,117,111,31,8489,299,-54,353,109,215,224,2,323,67,9,71,168,29,32,87,0.042,-0.49,-0.519
PI410444,35.364,74.214,2768,156,116,34,7928,327,-7,334,155,163,256,50,317,56,7,56,151,40,62,64,-0.318,-0.406,-0.433
PI410451,36.481,75.048,4116,43,107,27,9826,242,-153,395,37,-8,164,-90,102,19,2,55,48,10,22,18,1.078,-0.806,-0.955
PI410456,36.381,73.364,3245,96,108,29,9070,286,-85,371,91,47,210,-27,141,31,2,64,67,15,31,25,0.461,-0.746,-0.704
PI410464,36.598,73.548,4418,-34,89,24,9269,151,-216,367,-46,-14,80,-158,265,42,9,45,116,35,50,64,1.772,-0.261,-1.16
PI410465,36.431,73.581,4245,-22,89,24,9237,161,-203,364,-34,-3,92,-146,267,42,8,45,116,35,53,63,1.651,-0.27,-1.125
PI410471,36.331,73.131,3879,-32,87,24,8984,147,-209,356,-44,-12,79,-152,380,60,14,47,165,50,69,96,1.751,-0.101,-1.045
PI410475,36.315,73.065,4785,-31,87,24,8973,147,-208,355,-44,-11,80,-151,387,62,14,47,170,50,69,98,1.743,-0.094,-1.034
PI410478,36.448,73.948,4103,49,101,27,9344,239,-135,374,41,2,166,-77,144,26,2,51,65,15,34,27,0.969,-0.624,-0.933
PI410481,36.215,74.298,2308,33,98,26,9383,222,-150,372,24,-12,150,-93,177,30,3,52,79,19,41,34,1.144,-0.572,-0.947
PI410483,35.615,74.965,2907,97,111,30,8827,281,-80,361,91,49,207,-22,285,50,6,61,144,32,48,58,0.446,-0.578,-0.577
PI410507,35.415,76.015,4165,-52,96,24,10068,146,-246,392,-67,-94,71,-186,103,15,3,42,38,13,28,19,2.048,-0.569,-1.331
PI410509,35.332,76.249,4720,-76,98,25,9854,120,-268,388,45,-117,46,-206,92,13,3,41,33,13,28,16,2.19,-0.665,-1.08
PI410516,35.282,76.132,4557,-19,100,24,10351,183,-218,401,-32,-63,107,-158,108,15,2,40,41,12,26,25,1.75,-0.674,-1.252
PI410520,35.349,76.066,5135,-57,97,24,9996,140,-251,391,-72,-99,65,-190,99,14,2,41,35,12,28,19,2.089,-0.56,-1.35
PI410522,35.466,75.932,5270,-32,97,24,10229,168,-229,397,-46,-76,93,-169,115,16,3,42,44,14,28,24,1.873,-0.622,-1.272
PI410525,36.082,72.066,2552,110,107,31,8345,288,-56,344,102,207,215,-2,410,83,13,67,208,42,44,111,0.116,-0.317,-0.484
PI513166,31.026,72.486,158,247,146,39,7747,417,47,370,320,197,334,139,264,71,2,98,167,13,165,31,-1.104,-1.217,0.489
PI513167,30.633,72.616,155,250,146,39,7700,418,50,368,321,200,335,141,247,69,2,105,162,10,157,28,-1.135,-1.254,0.515
PI513169,31.283,74.616,208,238,141,39,7300,406,50,356,303,190,318,135,538,165,4,115,381,26,215,53,-0.958,-1.137,1.067
PI513195,25.433,63.633,57,258,118,47,4503,368,122,246,193,263,309,193,103,32,0,105,63,4,19,63,-1.719,-0.166,-0.171
PI513197,25.833,62.3,48,273,127,44,5424,406,123,283,195,305,334,195,121,31,1,84,72,5,17,72,-1.784,-0.288,-0.31
PI513200,28.645,65.81,1073,225,178,45,7963,419,28,391,141,221,324,119,120,26,1,77,68,5,21,63,-1.097,-1.047,-0.38
PI513205,30.7,67.2,1836,160,159,41,8278,355,-29,384,69,161,265,50,265,55,0,86,157,10,33,141,-0.401,-0.843,-0.377
PI513226,36.167,75.167,5247,-36,94,24,9945,159,-229,388,-49,-80,86,-170,120,19,3,45,51,13,29,22,1.893,-0.571,-1.247
PI564627,30.717,66.867,1479,173,167,42,8361,373,-17,390,83,227,280,63,250,58,0,98,159,7,24,142,-0.608,-0.972,-0.289
CIho10058,39.674,-7.826,264,159,97,38,5258,307,57,250,96,227,230,96,858,124,7,55,350,52,53,350,-0.749,0.76,-0.262
PI467684,40.208,-8.208,311,154,102,42,4673,292,51,241,95,213,215,95,1010,144,11,53,406,68,71,406,-0.728,0.98,-0.13
PI467690,40.292,-8.325,302,151,100,42,4451,283,50,233,95,207,209,95,1040,147,11,53,417,70,74,417,-0.708,1.056,-0.108
PI467691,38.742,-7.724,308,160,100,40,5192,309,59,250,98,226,231,98,657,90,5,56,264,39,39,264,-0.807,0.597,-0.415
PI467692,39.676,-7.824,259,159,97,38,5258,307,57,250,96,227,230,96,858,124,7,55,350,52,53,350,-0.749,0.76,-0.262
PI076514,43.181,47.181,-19,123,76,22,9198,296,-35,331,132,12,241,6,344,39,20,24,107,64,93,67,0.35,-0.088,-0.828
PI094801,45.481,41.081,144,107,102,28,9189,297,-60,357,203,-4,222,-13,559,69,30,23,185,101,176,114,0.488,-0.156,-0.392
PI094875,45.481,41.081,144,107,102,28,9189,297,-60,357,203,-4,222,-13,559,69,30,23,185,101,176,114,0.488,-0.156,-0.392
PI327701,45.225,42.156,322,94,102,28,9259,286,-72,358,192,-17,212,-25,505,71,24,32,186,78,178,84,0.603,-0.33,-0.325
PI327702,45.225,42.156,322,94,102,28,9259,286,-72,358,192,-17,212,-25,505,71,24,32,186,78,178,84,0.603,-0.33,-0.325
PI327704,45.225,42.156,322,94,102,28,9259,286,-72,358,192,-17,212,-25,505,71,24,32,186,78,178,84,0.603,-0.33,-0.325
PI327708,45.225,42.156,322,94,102,28,9259,286,-72,358,192,-17,212,-25,505,71,24,32,186,78,178,84,0.603,-0.33,-0.325
PI327709,45.226,42.156,326,94,102,28,9259,286,-72,358,192,-17,212,-25,505,71,24,32,186,78,178,84,0.603,-0.33,-0.325
PI327738,45.232,39.155,30,114,84,25,8687,283,-41,324,24,51,225,2,667,74,42,19,196,137,182,176,0.442,0.541,-0.928
PI327763,45.226,42.156,326,94,102,28,9259,286,-72,358,192,-17,212,-25,505,71,24,32,186,78,178,84,0.603,-0.33,-0.325
PI327764,45.226,42.156,326,94,102,28,9259,286,-72,358,192,-17,212,-25,505,71,24,32,186,78,178,84,0.603,-0.33,-0.325
PI327783,45.226,42.157,325,94,102,28,9259,286,-72,358,192,-17,212,-25,505,71,24,32,186,78,178,84,0.603,-0.33,-0.325
PI327810,43.683,43.683,330,99,103,30,8746,278,-65,343,190,-5,209,-15,647,92,31,35,244,99,233,103,0.555,-0.136,-0.151
PI606305,18.418,42.702,1946,194,134,56,3672,314,75,239,174,164,241,147,232,52,2,82,128,14,49,43,-1.239,0.039,-0.093
PI606311,21.452,40.602,1433,224,133,50,4852,350,85,265,224,284,284,160,146,33,1,73,72,12,12,22,-1.489,-0.186,-0.262
PI344865,45.005,20.646,76,120,96,31,7561,283,-21,304,197,35,213,19,630,82,38,24,214,126,194,143,0.191,0.358,-0.366
PI344867,43.452,21.802,219,115,107,34,7377,284,-29,313,190,34,206,17,621,71,42,18,191,128,165,140,0.181,0.382,-0.475
PI344885,43.536,19.869,1106,69,82,29,6680,210,-64,274,133,-7,151,-20,987,106,63,15,299,199,271,213,0.75,1.116,-0.442
PI344886,43.536,19.869,1106,69,82,29,6680,210,-64,274,133,-7,151,-20,987,106,63,15,299,199,271,213,0.75,1.116,-0.442
PI344903,45.005,20.646,76,120,96,31,7561,283,-21,304,197,35,213,19,630,82,38,24,214,126,194,143,0.191,0.358,-0.366
PI349896,45.005,20.646,76,120,96,31,7561,283,-21,304,197,35,213,19,630,82,38,24,214,126,194,143,0.191,0.358,-0.366
PI362381,44.003,22.136,304,102,95,31,7466,263,-37,300,177,18,194,3,656,83,42,23,221,129,198,140,0.367,0.441,-0.411
PI374429,43.47,20.803,1570,60,82,29,6786,204,-70,274,127,-17,144,-30,909,102,58,17,286,188,256,199,0.815,1.028,-0.475
PI374437,43.47,20.803,1570,60,82,29,6786,204,-70,274,127,-17,144,-30,909,102,58,17,286,188,256,199,0.815,1.028,-0.475
PI378218,44.553,19.803,218,114,101,33,7188,272,-30,302,186,33,203,18,740,87,47,19,236,150,216,173,0.238,0.569,-0.375
PI378224,44.153,19.753,894,88,91,31,6938,237,-51,288,157,10,174,-4,869,101,54,20,285,168,261,186,0.538,0.798,-0.342
PI058057,40.192,-3.808,620,140,106,35,6706,315,13,302,97,229,229,57,431,52,10,37,148,48,48,128,-0.437,0.201,-0.777
PI042888,15.747,32.728,421,289,150,56,3658,411,146,265,310,246,327,233,122,58,0,162,113,0,42,0,-2.097,-0.828,0.739
PI370782,47,9.416,1588,54,75,30,6029,183,-63,246,129,-16,129,-24,1278,159,71,28,453,220,453,231,0.929,1.329,0.093
PI370821,47,9.416,1588,54,75,30,6029,183,-63,246,129,-16,129,-24,1278,159,71,28,453,220,453,231,0.929,1.329,0.093
PI370852,47.2,8.214,763,83,77,30,6180,220,-30,250,161,14,161,3,1154,143,69,27,408,219,408,222,0.598,1.236,0.016
PI370862,46.817,10.567,1985,-13,55,27,5269,93,-109,202,53,-76,53,-76,1323,154,81,21,440,261,414,261,1.523,1.952,-0.289
PI370867,46.517,8.15,3318,-49,50,26,5021,47,-143,190,14,-33,15,-110,2316,215,164,8,620,514,570,583,2.008,3.629,-0.315
PI370869,46.517,8.15,3318,-49,50,26,5021,47,-143,190,14,-33,15,-110,2316,215,164,8,620,514,570,583,2.008,3.629,-0.315
PI370963,46.567,8.283,2138,-14,54,26,5295,92,-111,203,53,1,54,-78,2007,196,146,10,572,456,527,485,1.628,3.118,-0.293
PI370966,46.617,8.367,2851,-39,49,25,5063,58,-133,191,24,-22,25,-100,2249,212,161,9,623,500,574,550,1.921,3.51,-0.281
PI370970,46.617,8.367,2851,-39,49,25,5063,58,-133,191,24,-22,25,-100,2249,212,161,9,623,500,574,550,1.921,3.51,-0.281
PI370983,47.201,8.215,768,83,77,30,6180,220,-30,250,161,14,161,3,1154,143,69,27,408,219,408,222,0.598,1.236,0.016
PI370994,46.684,8.467,2787,-37,49,25,5055,60,-131,191,26,-20,27,-98,2239,213,159,9,628,497,578,542,1.903,3.477,-0.258
PI371017,46.684,8.484,2359,-23,51,26,5183,78,-118,196,42,-7,43,-85,2099,207,150,10,605,472,558,508,1.735,3.264,-0.245
PI371056,46.484,7.617,2121,42,72,29,5940,171,-70,241,118,-4,118,-33,1416,141,104,10,402,319,402,346,1.009,2.052,-0.369
PI371069,46.368,8.001,1420,-10,57,27,5389,99,-109,208,58,4,58,-76,1943,186,144,8,533,446,492,480,1.562,3.057,-0.38
PI371079,46.551,8.168,2510,-43,50,26,5052,54,-137,191,20,-26,21,-104,2276,211,162,8,613,506,564,569,1.942,3.57,-0.318
PI371100,46.568,8.284,2261,-14,54,26,5295,92,-111,203,53,1,54,-78,2007,196,146,10,572,456,527,485,1.628,3.118,-0.293
PI371102,46.568,8.284,2261,-14,54,26,5295,92,-111,203,53,1,54,-78,2007,196,146,10,572,456,527,485,1.628,3.118,-0.293
PI371105,46.585,8.285,2211,-14,54,26,5295,92,-111,203,53,1,54,-78,2007,196,146,10,572,456,527,485,1.628,3.118,-0.293
PI371111,46.401,7.585,2297,6,63,28,5595,122,-98,220,77,19,77,-63,1827,170,134,8,482,418,482,476,1.369,2.83,-0.402
PI371149,46.318,7.701,1072,1,61,28,5536,116,-101,217,72,14,72,-66,1845,174,137,8,492,425,492,469,1.424,2.881,-0.393
PI371156,46.402,7.785,1375,-19,57,27,5318,88,-117,205,48,-4,49,-83,2057,191,149,8,543,466,501,536,1.644,3.237,-0.393
PI371172,46.385,7.802,2518,25,66,28,5756,147,-83,230,98,-23,98,-47,1600,157,118,9,449,366,449,385,1.231,2.386,-0.343
PI371196,46.352,8.119,2203,21,63,28,5683,141,-84,225,94,-45,94,-49,1628,165,113,12,476,358,476,365,1.297,2.328,-0.223
PI371217,46.369,8.002,1362,-10,57,27,5389,99,-109,208,58,4,58,-76,1943,186,144,8,533,446,492,480,1.562,3.057,-0.38
PI371245,46.969,9.652,810,73,86,32,6401,213,-54,267,153,2,153,-11,1120,142,59,29,400,184,400,195,0.707,0.96,0.071
PI371248,46.935,9.602,1141,91,89,32,6543,234,-39,273,172,18,172,4,1126,139,61,28,393,190,393,200,0.546,0.929,0.084
PI371275,46.986,9.319,1072,13,60,28,5369,121,-88,209,80,-51,80,-54,1651,194,105,21,552,326,515,342,1.383,2.237,0.028
PI371298,46.486,7.652,1856,23,66,28,5738,145,-84,229,96,35,96,-49,1641,157,122,9,451,378,451,413,1.182,2.503,-0.401
PI371320,46.952,8.886,2143,34,65,28,5681,154,-71,225,107,-32,107,-37,1573,181,98,21,519,307,519,319,1.175,1.986,0.06
PI371323,46.886,9.069,2495,4,56,27,5279,110,-94,204,70,-59,71,-61,1814,203,120,18,583,377,540,391,1.51,2.564,-0.002
PI371327,46.869,9.436,2124,19,63,29,5493,132,-85,217,88,-46,88,-49,1525,182,93,23,516,289,516,301,1.297,1.965,0.046
PI371335,46.853,9.053,2562,-9,53,27,5151,92,-104,196,55,-71,56,-71,1952,212,134,16,610,423,565,439,1.661,2.887,-0.035
PI371338,46.853,9.053,2562,-9,53,27,5151,92,-104,196,55,-71,56,-71,1952,212,134,16,610,423,565,439,1.661,2.887,-0.035
PI371377,46.97,10.353,2457,0,61,28,5420,111,-101,212,68,-64,68,-66,1271,153,76,24,437,245,414,246,1.393,1.76,-0.211
PI371384,47.153,10.603,1171,16,71,30,5740,137,-95,232,87,-51,87,-57,1135,144,65,28,405,209,405,210,1.229,1.389,-0.145
PI371390,47.003,10.436,2512,-11,57,28,5279,94,-109,203,55,-75,55,-75,1403,163,89,21,466,287,436,287,1.528,2.071,-0.238
PI371392,47.003,10.437,2509,-11,57,28,5279,94,-109,203,55,-75,55,-75,1403,163,89,21,466,287,436,287,1.528,2.071,-0.238
PI371441,46.853,9.787,2109,5,59,28,5322,113,-95,208,71,-59,72,-60,1402,171,83,25,482,261,459,271,1.381,1.885,-0.078
PI371477,46.837,9.62,1211,33,70,30,5760,155,-77,232,106,-34,106,-40,1258,160,69,28,446,214,446,224,1.094,1.419,0.027
PI371490,46.954,9.304,2226,22,63,28,5513,136,-82,218,91,-43,91,-46,1561,185,96,22,527,299,527,312,1.288,2.009,0.061
CIho10549,35.204,38.204,519,177,144,39,8107,374,10,364,84,273,278,71,171,30,0,77,82,0,1,81,-0.729,-0.718,-0.643
CIho10550,35.204,38.204,519,177,144,39,8107,374,10,364,84,273,278,71,171,30,0,77,82,0,1,81,-0.729,-0.718,-0.643
PI038484,36.405,37.365,544,169,132,37,8104,360,7,353,64,270,270,64,348,68,0,83,195,2,2,195,-0.629,-0.487,-0.489
PI038485,36.405,37.365,544,169,132,37,8104,360,7,353,64,270,270,64,348,68,0,83,195,2,2,195,-0.629,-0.487,-0.489
PI182659,35.204,38.204,519,177,144,39,8107,374,10,364,84,273,278,71,171,30,0,77,82,0,1,81,-0.729,-0.718,-0.643
PI182679,33.704,36.504,1086,137,136,42,6843,316,-6,322,49,223,223,49,213,45,0,89,124,0,0,124,-0.486,-0.382,-0.575
PI182681,32.954,36.704,1000,159,137,43,6495,327,14,313,72,237,237,72,216,45,0,93,131,0,0,131,-0.705,-0.36,-0.482
PI182684,34.938,36.921,434,174,138,41,7298,356,24,332,80,263,265,80,310,67,0,90,176,1,2,176,-0.792,-0.44,-0.394
PI182687,35.338,36.955,434,173,140,39,7896,369,16,353,72,269,273,72,286,60,0,86,159,2,3,159,-0.724,-0.574,-0.48
PI182691,36.405,37.371,545,169,132,37,8104,360,7,353,64,270,270,64,348,68,0,83,195,2,2,195,-0.629,-0.487,-0.489
PI182693,36.705,41.205,334,193,131,35,8829,403,29,374,82,308,308,82,374,74,0,83,189,1,1,189,-0.823,-0.657,-0.449
PI182694,36.405,37.372,545,169,132,37,8104,360,7,353,64,270,270,64,348,68,0,83,195,2,2,195,-0.629,-0.487,-0.489
PI564603,33.338,36.722,595,170,156,45,6846,354,13,341,79,255,255,79,144,31,0,89,86,0,0,86,-0.815,-0.613,-0.529
PI564607,33.505,36.389,652,168,152,44,6850,357,17,340,79,254,254,79,190,41,0,96,115,0,0,115,-0.805,-0.596,-0.448
PI564613,36.839,40.839,383,183,139,36,8747,399,17,382,73,297,297,73,391,79,0,82,192,1,1,192,-0.74,-0.69,-0.439
PI564614,36.939,40.772,410,181,139,36,8768,397,15,382,80,295,295,70,413,82,0,81,200,1,1,200,-0.72,-0.683,-0.411
PI564616,36.906,41.006,396,187,134,35,8835,401,22,379,76,301,301,76,409,80,0,81,201,1,1,201,-0.76,-0.653,-0.439
PI564620,36.922,40.389,389,177,149,37,8797,400,7,393,66,292,292,66,399,79,0,79,192,1,1,192,-0.69,-0.749,-0.451
PI564621,35.222,37.072,496,170,142,40,7727,363,12,351,70,263,266,70,275,56,0,86,151,1,2,151,-0.705,-0.565,-0.492
PI564622,35.256,36.756,364,179,137,39,7712,370,27,343,79,273,276,79,345,75,0,87,195,3,4,195,-0.795,-0.474,-0.391
PI564637,35.256,36.439,176,182,130,41,6969,355,41,314,91,269,269,91,514,112,0,93,307,2,2,307,-0.895,-0.168,-0.133
PI564641,34.739,37.339,937,149,134,40,7355,329,-4,333,53,240,240,53,223,41,0,78,113,1,1,113,-0.521,-0.418,-0.661
PI564643,34.439,37.539,544,170,140,41,7323,351,13,338,73,261,261,73,136,25,0,75,65,0,0,65,-0.734,-0.531,-0.704
PI564644,35.206,38.206,518,177,144,39,8107,374,10,364,84,273,278,71,171,30,0,77,82,0,1,81,-0.729,-0.718,-0.643
PI564678,36.04,39.59,344,185,147,38,8549,395,15,380,88,295,295,76,233,47,0,82,118,1,1,116,-0.791,-0.814,-0.536
PI296192,39.207,71.207,1769,68,117,29,9488,273,-123,396,70,177,185,-61,506,84,5,58,224,24,45,159,0.633,-0.571,-0.558
PI639344,38.62,73.295,4986,-97,92,23,9687,98,-291,389,-105,19,22,-227,513,75,18,39,204,71,94,128,2.4,-0.049,-1.198
PI639345,38.621,73.296,5017,-97,92,23,9687,98,-291,389,-105,19,22,-227,513,75,18,39,204,71,94,128,2.4,-0.049,-1.198
PI639346,38.621,73.296,5017,-97,92,23,9687,98,-291,389,-105,19,22,-227,513,75,18,39,204,71,94,128,2.4,-0.049,-1.198
PI639357,38.621,73.296,5017,-97,92,23,9687,98,-291,389,-105,19,22,-227,513,75,18,39,204,71,94,128,2.4,-0.049,-1.198
CIho15279,36.025,9.675,471,153,127,39,6606,339,18,321,72,239,240,72,512,65,9,42,188,47,65,188,-0.593,0.138,-0.666
CIho15282,36.025,9.675,471,153,127,39,6606,339,18,321,72,239,240,72,512,65,9,42,188,47,65,188,-0.593,0.138,-0.666
CIho15286,37.058,10.142,0,179,100,40,5432,317,68,249,113,247,251,113,458,70,3,58,197,20,39,197,-0.963,0.404,-0.488
CIho15288,37.059,10.142,0,179,100,40,5432,317,68,249,113,247,251,113,458,70,3,58,197,20,39,197,-0.963,0.404,-0.488
CIho15290,37.059,10.142,0,179,100,40,5432,317,68,249,113,247,251,113,458,70,3,58,197,20,39,197,-0.963,0.404,-0.488
CIho15291,37.059,10.142,0,179,100,40,5432,317,68,249,113,247,251,113,458,70,3,58,197,20,39,197,-0.963,0.404,-0.488
CIho15299,33.826,9.126,25,207,127,37,7517,387,45,342,164,301,301,109,108,16,1,50,40,5,11,35,-1.038,-0.513,-0.721
CIho15304,33.742,9.026,88,207,128,36,7755,391,41,350,118,303,304,105,105,17,1,56,40,5,10,34,-0.988,-0.555,-0.795
CIho15309,33.742,9.026,88,207,128,36,7755,391,41,350,118,303,304,105,105,17,1,56,40,5,10,34,-0.988,-0.555,-0.795
CIho15310,33.809,9.126,31,208,127,37,7549,388,45,343,121,301,302,108,107,16,1,55,40,5,11,35,-1.021,-0.5,-0.791
CIho15311,33.809,9.126,31,208,127,37,7549,388,45,343,121,301,302,108,107,16,1,55,40,5,11,35,-1.021,-0.5,-0.791
CIho15313,33.809,9.126,31,208,127,37,7549,388,45,343,121,301,302,108,107,16,1,55,40,5,11,35,-1.021,-0.5,-0.791
CIho15326,33.793,9.059,38,208,128,36,7655,391,44,347,120,304,304,108,104,16,1,54,39,5,11,34,-1.011,-0.526,-0.805
CIho15336,33.693,9.21,170,203,126,36,7556,383,41,342,121,297,298,104,116,18,1,55,44,5,11,39,-0.97,-0.491,-0.788
CIho15339,33.943,9.026,25,207,129,37,7427,388,47,341,164,300,300,110,109,15,1,48,40,5,5,36,-1.053,-0.497,-0.738
CIho15349,33.993,9.06,27,206,129,37,7391,387,47,340,163,298,298,109,111,15,1,49,41,5,5,36,-1.045,-0.495,-0.732
CIho15350,33.993,9.06,27,206,129,37,7391,387,47,340,163,298,298,109,111,15,1,49,41,5,5,36,-1.045,-0.495,-0.732
CIho15355,34.21,9.21,160,194,130,39,7113,375,42,333,155,284,284,102,145,18,1,44,51,9,9,47,-0.982,-0.381,-0.746
CIho15362,37.262,10.059,74,178,95,39,5364,312,71,241,113,245,249,113,489,83,3,62,217,19,37,217,-0.95,0.457,-0.427
CIho15364,34.227,8.46,100,208,131,38,7407,394,50,344,218,303,303,113,117,15,1,43,40,9,9,33,-1.108,-0.541,-0.631
CIho15365,34.194,8.377,69,208,131,38,7392,394,50,344,217,303,303,114,116,15,1,42,39,9,9,33,-1.11,-0.532,-0.64
PI055526,34.211,9.211,161,194,130,39,7113,375,42,333,155,284,284,102,145,18,1,44,51,9,9,47,-0.982,-0.381,-0.746
CIho06294,38.561,38.511,1123,128,100,26,9602,330,-42,372,59,247,247,2,470,65,2,58,179,11,24,168,0.013,-0.436,-0.737
PI094886,40.578,50.095,-29,148,71,24,8030,305,11,294,115,251,251,48,248,33,7,36,89,28,28,65,-0.31,0.066,-0.982
PI117347,38.083,32.696,1003,105,129,37,7634,293,-52,345,96,198,202,5,359,48,5,50,130,21,33,123,-0.038,-0.285,-0.685
PI167271,37.212,35.512,266,186,118,38,6918,349,42,307,96,273,273,96,796,146,9,64,372,38,38,372,-0.831,0.273,-0.152
PI168328,39.795,27.229,235,141,108,37,6639,302,13,289,75,224,228,60,709,130,11,62,331,47,48,320,-0.443,0.393,-0.31
PI168367,39.312,33.295,882,114,115,34,7747,295,-36,331,12,209,211,12,390,52,5,49,139,25,39,139,-0.053,-0.065,-0.902
PI173518,41.596,35.777,41,137,73,31,5782,262,29,233,116,212,212,66,706,91,30,32,256,111,111,191,-0.33,0.982,-0.619
PI173577,38.579,34.229,1268,91,122,36,7413,272,-61,333,82,181,184,-6,382,53,5,50,147,23,45,121,0.108,-0.181,-0.686
PI178283,38.113,34.779,1349,98,123,37,7262,280,-52,332,88,187,190,3,360,56,5,49,142,23,41,107,0.018,-0.188,-0.672
PI178285,37.029,35.963,137,187,115,38,6528,336,41,295,101,269,269,101,793,116,13,52,325,54,54,325,-0.832,0.424,-0.316
PI178332,41.363,28.013,226,128,94,33,6607,281,3,278,64,209,212,45,607,88,22,39,239,81,86,212,-0.226,0.606,-0.702
PI178594,38.563,38.53,1131,118,102,27,9601,321,-54,375,48,238,238,-8,526,71,2,60,200,12,12,194,0.1,-0.409,-0.716
PI178609,40.866,36.046,1194,102,106,35,6872,260,-37,297,136,183,185,10,499,64,14,35,176,60,88,137,0.012,0.227,-0.608
PI182373,40.496,40.396,2264,19,118,33,7775,206,-143,349,51,116,116,-82,667,101,27,39,262,89,89,147,0.975,0.125,-0.621
PI182726,40.147,44.247,855,120,127,31,9602,329,-75,404,170,233,237,-11,305,52,13,40,120,44,62,61,0.101,-0.714,-0.619
PI264251,40.133,33.068,1019,100,122,36,7452,278,-55,333,-1,189,192,-1,448,61,12,42,159,47,62,159,0.095,0.089,-0.915
PI264870,39.247,39.73,2003,76,116,31,8685,276,-96,372,59,185,185,-37,722,103,7,54,276,30,30,242,0.435,-0.213,-0.502
PI319867,39.273,35.125,1251,88,128,38,7144,269,-66,335,82,173,176,-8,426,55,7,44,153,33,55,137,0.122,-0.097,-0.688
PI328171,41.447,35.697,446,114,83,32,6266,249,-5,254,52,191,193,34,593,67,27,24,187,96,106,171,-0.078,0.87,-0.93
PI328200,39.273,35.125,1251,88,128,38,7144,269,-66,335,82,173,176,-8,426,55,7,44,153,33,55,137,0.122,-0.097,-0.688
PI328207,39.273,35.126,1258,88,128,38,7144,269,-66,335,82,173,176,-8,426,55,7,44,153,33,55,137,0.122,-0.097,-0.688
PI328208,39.273,35.126,1258,88,128,38,7144,269,-66,335,82,173,176,-8,426,55,7,44,153,33,55,137,0.122,-0.097,-0.688
PI328244,39.273,35.126,1258,88,128,38,7144,269,-66,335,82,173,176,-8,426,55,7,44,153,33,55,137,0.122,-0.097,-0.688
PI328253,39.273,35.126,1258,88,128,38,7144,269,-66,335,82,173,176,-8,426,55,7,44,153,33,55,137,0.122,-0.097,-0.688
PI328279,39.273,35.126,1258,88,128,38,7144,269,-66,335,82,173,176,-8,426,55,7,44,153,33,55,137,0.122,-0.097,-0.688
PI328299,38.065,27.465,14,169,120,41,6126,330,42,288,94,250,250,94,699,144,3,82,384,17,17,384,-0.831,0.249,-0.04
PI328327,39.864,28.101,234,129,105,36,6634,286,2,284,63,210,214,45,703,116,14,54,303,57,59,299,-0.298,0.49,-0.453
PI328336,39.274,35.126,1259,88,128,38,7144,269,-66,335,82,173,176,-8,426,55,7,44,153,33,55,137,0.122,-0.097,-0.688
PI328907,39.274,35.126,1259,88,128,38,7144,269,-66,335,82,173,176,-8,426,55,7,44,153,33,55,137,0.122,-0.097,-0.688
PI342031,38.565,38.532,1162,118,102,27,9601,321,-54,375,48,238,238,-8,526,71,2,60,200,12,12,194,0.1,-0.409,-0.716
PI342136,38.972,30.758,1443,93,109,34,7167,267,-45,312,83,181,184,0,490,60,14,37,164,52,77,154,0.099,0.189,-0.758
PI342139,38.889,29.621,1261,95,112,36,6913,266,-40,306,7,182,184,7,697,106,16,47,280,61,78,280,0.074,0.455,-0.647
PI342198,38.889,29.621,1261,95,112,36,6913,266,-40,306,7,182,184,7,697,106,16,47,280,61,78,280,0.074,0.455,-0.647
PI342219,39.639,30.199,886,103,113,36,6916,270,-37,307,12,185,190,12,483,67,11,40,172,47,66,172,0.004,0.275,-0.869
PI342270,39.65,30.2,886,100,112,36,6888,266,-39,305,9,182,186,9,509,70,12,39,181,51,69,181,0.036,0.325,-0.867
PI342283,39.66,30.201,886,100,112,36,6888,266,-39,305,9,182,186,9,509,70,12,39,181,51,69,181,0.036,0.325,-0.867
PI342329,39.67,30.202,955,100,112,36,6888,266,-39,305,9,182,186,9,509,70,12,39,181,51,69,181,0.036,0.325,-0.867
PI342331,39.68,30.203,976,100,112,36,6888,266,-39,305,9,182,186,9,509,70,12,39,181,51,69,181,0.036,0.325,-0.867
PI024497,37.833,62.383,219,168,143,35,9414,386,-19,405,64,288,288,45,170,36,0,84,88,0,0,77,-0.498,-1.011,-0.663
PI029004,37.847,62.05,218,166,141,34,9464,384,-21,405,61,287,287,43,159,32,0,83,80,0,0,72,-0.468,-1.008,-0.702
PI327830,40.417,60.237,150,143,129,30,10550,370,-60,430,152,257,277,6,114,21,1,67,55,5,6,35,-0.118,-1.208,-0.67
PI327849,40.227,60.227,157,145,130,30,10507,371,-58,429,154,279,279,8,114,21,1,68,55,5,5,36,-0.164,-1.205,-0.671
PI327854,40.247,60.247,161,145,130,30,10542,371,-59,430,153,279,279,7,114,21,1,68,55,5,5,36,-0.157,-1.211,-0.674
PI327857,38.468,59.973,126,158,136,32,9869,379,-39,418,160,269,284,29,151,29,1,73,73,4,5,51,-0.337,-1.152,-0.552
PI327858,40.278,60.328,157,144,130,30,10554,371,-60,431,153,279,279,7,114,21,1,68,55,5,5,36,-0.151,-1.215,-0.674
PI327860,40.298,60.348,154,144,130,30,10554,371,-60,431,153,279,279,7,114,21,1,68,55,5,5,36,-0.151,-1.215,-0.674
PI327868,38.468,59.968,124,158,136,32,9869,379,-39,418,160,269,284,29,151,29,1,73,73,4,5,51,-0.337,-1.152,-0.552
PI327869,40.308,60.358,150,144,130,30,10553,370,-60,430,153,278,278,7,114,21,1,68,55,5,5,36,-0.149,-1.211,-0.674
PI327870,40.328,60.368,145,144,130,30,10541,370,-60,430,152,278,278,6,114,21,1,68,55,5,5,36,-0.147,-1.21,-0.676
PI327882,40.338,60.378,147,144,130,30,10541,370,-60,430,152,278,278,6,114,21,1,68,55,5,5,36,-0.147,-1.21,-0.676
PI094834,50.21,36.471,161,69,83,23,9926,251,-105,356,192,1,192,-60,556,68,30,22,181,101,181,122,0.929,-0.109,-0.511
PI094919,50.2,36.472,178,69,83,23,9926,251,-105,356,192,1,192,-60,556,68,30,22,181,101,181,122,0.929,-0.109,-0.511
PI327680,46.697,30.952,12,101,69,22,8612,265,-46,311,191,35,211,-8,461,52,26,18,141,99,138,117,0.46,0.217,-0.691
PI327719,48.67,35.203,59,86,84,23,9676,273,-80,353,192,16,208,-38,517,60,33,18,162,107,155,129,0.712,-0.019,-0.619
PI327724,49.776,25.825,345,69,84,26,8303,232,-83,315,159,-32,172,-40,628,94,29,41,251,93,249,103,0.853,0.045,-0.207
PI327836,48.67,35.203,59,86,84,23,9676,273,-80,353,192,16,208,-38,517,60,33,18,162,107,155,129,0.712,-0.019,-0.619
PI467657,52.385,-0.479,72,97,75,34,4937,215,-1,216,161,61,161,35,577,55,34,10,155,124,155,133,0.055,1.12,-0.732
CIho02266,39.918,67.202,1374,105,124,33,8633,306,-68,374,105,202,216,-8,438,80,1,70,205,12,16,148,0.103,-0.604,-0.413
PI035051,40.735,71.885,424,142,124,31,9777,350,-48,398,92,244,262,9,224,32,1,55,88,9,15,79,-0.128,-0.798,-0.804
PI064022,41.517,69.468,584,136,128,32,9248,350,-43,393,82,238,254,14,469,79,3,63,200,14,22,169,-0.13,-0.636,-0.521
PI084311,41.852,60.402,90,127,125,28,11029,357,-81,438,136,245,267,-16,101,19,1,65,48,5,6,30,0.096,-1.246,-0.751
PI084312,43.419,59.919,52,105,121,27,11810,339,-107,446,114,231,253,-49,118,18,2,52,49,9,10,34,0.377,-1.208,-0.9
PI084313,43.419,59.919,52,105,121,27,11810,339,-107,446,114,231,253,-49,118,18,2,52,49,9,10,34,0.377,-1.208,-0.9
PI084314,42.103,60.653,294,113,124,28,11121,343,-96,439,122,232,254,-32,120,21,2,57,56,9,10,34,0.249,-1.174,-0.821
PI327833,41.961,64.102,124,139,120,26,11548,374,-76,450,73,265,286,-12,119,20,1,67,53,5,6,42,0.074,-1.243,-0.902
PI327861,41.961,64.102,124,139,120,26,11548,374,-76,450,73,265,286,-12,119,20,1,67,53,5,6,42,0.074,-1.243,-0.902
PI327862,39.907,67.213,1326,105,124,33,8633,306,-68,374,105,202,216,-8,438,80,1,70,205,12,16,148,0.103,-0.604,-0.413
PI327863,39.908,67.213,1305,105,124,33,8633,306,-68,374,105,202,216,-8,438,80,1,70,205,12,16,148,0.103,-0.604,-0.413
PI327864,40.028,64.682,250,149,130,32,9838,365,-41,406,94,274,274,21,161,33,0,78,79,2,2,65,-0.259,-1.017,-0.68
PI155303,15.755,47.755,710,236,112,53,3337,337,129,208,243,231,276,193,53,13,0,73,26,3,10,14,-1.732,0.182,-0.302
PI244041,14.222,44.439,2753,140,158,62,2688,259,6,253,167,121,171,102,454,128,4,96,256,22,234,26,-0.687,-0.106,0.569
PI296185,15.755,47.755,710,236,112,53,3337,337,129,208,243,231,276,193,53,13,0,73,26,3,10,14,-1.732,0.182,-0.302
PI422225,15.605,44.455,2170,169,158,64,2786,286,42,244,198,137,203,131,215,61,1,105,111,13,107,18,-1.106,-0.18,0.251
PI422226,13.289,44.156,1924,205,136,63,2616,307,94,213,230,171,235,168,473,102,4,74,241,26,215,28,-1.371,0.215,0.465
PI422230,15.756,47.756,706,236,112,53,3337,337,129,208,243,231,276,193,53,13,0,73,26,3,10,14,-1.732,0.182,-0.302
PI422232,15.606,44.456,2180,169,158,64,2786,286,42,244,198,137,203,131,215,61,1,105,111,13,107,18,-1.106,-0.18,0.251
PI422233,15.606,44.456,2180,169,158,64,2786,286,42,244,198,137,203,131,215,61,1,105,111,13,107,18,-1.106,-0.18,0.251
PI429311,13.823,44.289,1907,200,146,64,2564,308,81,227,224,167,229,163,449,110,2,86,247,19,174,20,-1.335,0.037,0.54
PI429312,13.823,44.289,1907,200,146,64,2564,308,81,227,224,167,229,163,449,110,2,86,247,19,174,20,-1.335,0.037,0.54
PI429313,15.773,44.156,2808,138,162,63,2884,260,6,254,169,107,174,99,283,73,2,94,132,18,127,24,-0.763,-0.131,0.196
PI429314,15.673,44.59,2309,153,161,65,2798,272,25,247,182,140,187,115,236,67,1,105,121,15,118,21,-0.971,-0.17,0.248
PI430743,17.323,43.84,1784,192,149,57,4023,319,59,260,198,183,242,141,186,50,1,97,112,9,35,19,-1.228,-0.277,0.041
PI430744,16.257,44.44,1194,226,143,59,3430,341,102,239,233,216,268,182,108,22,1,74,51,9,36,13,-1.648,-0.032,-0.159
PI430745,15.907,44.223,2230,151,159,63,2937,272,22,250,183,119,188,112,243,62,1,93,111,16,107,22,-0.911,-0.127,0.147
